side,rank,sign,score,boundary_count,internal_count,boundary_enrichment_log2,exact_extension_pairs,pair_sites,pair_scribes,pair_attestations,examples
prefix,1,A,7.841664,152,14,3.338595,11,8,15,62,RA-NA-RE ~ A-RA-NA-RE | KA-RU ~ A-KA-RU | SA-RA₂ ~ A-SA-RA₂ | PA-RA-NE ~ A-PA-RA-NE | SA-SA-RA-ME ~ A-SA-SA-RA-ME | SI-KI-RA ~ A-SI-KI-RA | DA-RA ~ A-DA-RA | RI-JA ~ A-RI-JA
prefix,2,*86,5.350801,7,0,3.850801,1,2,1,2,SI-NI ~ *86-SI-NI
prefix,3,*306,5.201086,10,0,4.336228,0,0,0,0,
prefix,4,I,4.659528,76,48,0.601385,9,8,10,21,RU-JA ~ I-RU-JA | KI-RA ~ I-KI-RA | TA-JA ~ I-TA-JA | KU-TA ~ I-KU-TA | QA-*118 ~ I-QA-*118 | JA-PA ~ I-JA-PA | KU-PI ~ I-KU-PI | DA-MA-TE ~ I-DA-MA-TE
prefix,5,WI,4.528750,11,1,2.882510,1,2,1,3,DI-NA ~ WI-DI-NA
prefix,6,KU,4.484600,89,33,1.361637,3,2,4,6,MA-JU ~ KU-MA-JU | RU-MA ~ KU-RU-MA | PA-JA ~ KU-PA-JA
prefix,7,*188,4.346189,6,0,3.644350,0,0,0,0,
prefix,8,*312,4.001265,3,0,2.751265,1,2,2,2,TE-TE ~ *312-TE-TE
prefix,9,QA,3.994070,29,9,1.578626,2,1,4,7,QA-RU ~ QA-QA-RU | KU-RE ~ QA-KU-RE
prefix,10,KA,3.833158,46,31,0.505789,5,4,9,22,SA-RU ~ KA-SA-RU | KU-PA ~ KA-KU-PA | NU-TI ~ KA-NU-TI | RE-RO ~ KA-RE-RO | I-KA ~ KA-I-KA
prefix,11,*28B,3.694317,4,0,3.113835,0,0,0,0,
prefix,12,*309,3.694317,4,0,3.113835,0,0,0,0,
prefix,13,SI,3.669305,44,37,0.190825,6,5,11,24,KI-RA ~ SI-KI-RA | DA-RE ~ SI-DA-RE | MI-TA ~ SI-MI-TA | I-SI ~ SI-I-SI | *805-MI ~ SI-*805-MI | TE-TU ~ SI-TE-TU
prefix,14,U,3.527160,38,13,1.455809,1,2,1,2,QE-TI ~ U-QE-TI
prefix,15,PA,3.430122,37,23,0.618140,3,3,5,11,JA-RE ~ PA-JA-RE | I-KI ~ PA-I-KI | TA-NE ~ PA-TA-NE
prefix,16,KI,3.422634,47,37,0.284947,4,3,5,11,MA-RU ~ KI-MA-RU | RE-TA₂ ~ KI-RE-TA₂ | SA-NE ~ KI-SA-NE | RE-ZA ~ KI-RE-ZA
prefix,17,QE,3.340336,20,9,1.053535,2,4,2,6,KU-RE ~ QE-KU-RE | SI-TE ~ QE-SI-TE
prefix,18,DA,3.337663,60,45,0.354979,3,3,3,7,TA-RA ~ DA-TA-RA | U-*49 ~ DA-U-*49 | NA-SI ~ DA-NA-SI
prefix,19,JA,3.321125,62,28,1.076805,1,6,1,9,SA-SA-RA-ME ~ JA-SA-SA-RA-ME
prefix,20,O,3.251926,8,2,1.709445,1,2,0,2,TE-JA ~ O-TE-JA
prefix,21,*309B,3.251265,3,0,2.751265,0,0,0,0,
prefix,22,*324,3.251265,3,0,2.751265,0,0,0,0,
prefix,23,*333,3.251265,3,0,2.751265,0,0,0,0,
prefix,24,*815,3.251265,3,0,2.751265,0,0,0,0,
prefix,25,E,2.766500,8,3,1.224018,1,2,1,2,NA-SI ~ E-NA-SI
prefix,26,SA,2.679242,58,55,0.019859,2,3,0,5,RA-ME ~ SA-RA-ME | SA-RA-ME ~ SA-SA-RA-ME
prefix,27,*309C,2.662079,2,0,2.265838,0,0,0,0,
prefix,28,JE,2.464620,5,1,1.818380,0,0,0,0,
prefix,29,TU,2.289063,19,18,0.019859,2,2,2,4,SU-PU₂ ~ TU-SU-PU₂ | RU-SA ~ TU-RU-SA
prefix,30,PU,2.278873,7,2,1.528873,0,0,0,0,
prefix,31,DU,2.218752,23,24,-0.116211,2,3,4,6,NE-MI ~ DU-NE-MI | RE-ZA ~ DU-RE-ZA
prefix,32,PI,2.160757,18,23,-0.401225,3,4,3,8,TA-JA ~ PI-TA-JA | TA-RA ~ PI-TA-RA | TE-RI ~ PI-TE-RI
prefix,33,DI,2.052173,29,36,-0.363271,2,2,2,5,KA-KI ~ DI-KA-KI | PA-JA ~ DI-PA-JA
prefix,34,MI,1.916907,22,35,-0.713984,3,5,4,9,NU-TE ~ MI-NU-TE | DA-RA ~ MI-DA-RA | KI-SA-NE ~ MI-KI-SA-NE
prefix,35,*317,1.778873,1,0,1.528873,0,0,0,0,
prefix,36,*318,1.778873,1,0,1.528873,0,0,0,0,
prefix,37,*322,1.778873,1,0,1.528873,0,0,0,0,
prefix,38,*327,1.778873,1,0,1.528873,0,0,0,0,
prefix,39,*328,1.778873,1,0,1.528873,0,0,0,0,
prefix,40,*352,1.778873,1,0,1.528873,0,0,0,0,
prefix,41,*355,1.778873,1,0,1.528873,0,0,0,0,
prefix,42,*358,1.778873,1,0,1.528873,0,0,0,0,
prefix,43,*363,1.778873,1,0,1.528873,0,0,0,0,
prefix,44,*539,1.778873,1,0,1.528873,0,0,0,0,
prefix,45,*554,1.778873,1,0,1.528873,0,0,0,0,
prefix,46,*560,1.778873,1,0,1.528873,0,0,0,0,
prefix,47,*810,1.778873,1,0,1.528873,0,0,0,0,
prefix,48,*903,1.778873,1,0,1.528873,0,0,0,0,
prefix,49,*905,1.778873,1,0,1.528873,0,0,0,0,
prefix,50,MA,1.709716,34,41,-0.322605,1,1,1,2,SI-DU ~ MA-SI-DU
prefix,51,*47,1.666303,3,1,1.166303,0,0,0,0,
prefix,52,*805,1.666303,3,1,1.166303,0,0,0,0,
prefix,53,TE,1.633530,19,21,-0.196952,1,2,2,2,JA-RE ~ TE-JA-RE
prefix,54,*21F,1.562888,9,5,0.732406,0,0,0,0,
prefix,55,*305,1.077117,2,1,0.680876,0,0,0,0,
prefix,56,TA₂,1.077117,2,1,0.680876,0,0,0,0,
prefix,57,KE,0.980556,3,5,-0.708166,2,5,1,5,KI-RU ~ KE-KI-RU | SI-TE ~ KE-SI-TE
prefix,58,TA,0.932506,31,63,-1.067494,1,1,2,5,NA-TI ~ TA-NA-TI
prefix,59,AU,0.929337,3,2,0.429337,0,0,0,0,
prefix,60,RO,0.892692,5,7,-0.503549,1,2,0,2,SI-RA ~ RO-SI-RA
prefix,61,PO,0.886962,4,3,0.306480,0,0,0,0,
prefix,62,WA,0.835219,10,23,-1.218361,2,3,2,4,JA-PI ~ WA-JA-PI | O-MI ~ WA-O-MI
prefix,63,TI,0.689611,13,35,-1.450949,2,3,1,4,NI-TA ~ TI-NI-TA | TI-MA ~ TI-TI-MA
prefix,64,KO,0.645749,6,6,-0.056090,0,0,0,0,
prefix,65,RE,0.610423,16,35,-1.161443,1,4,0,4,A-JA ~ RE-A-JA
prefix,66,*118,0.604724,2,3,-0.541516,1,2,0,2,MI-NA ~ *118-MI-NA
prefix,67,PU₂,0.541834,3,5,-0.708166,1,3,0,3,RE-JA ~ PU₂-RE-JA
prefix,68,MU,0.443910,3,3,-0.056090,0,0,0,0,
prefix,69,NE,0.407265,5,10,-0.988975,1,2,1,2,MI-NA ~ NE-MI-NA
prefix,70,ZU,0.378464,9,12,-0.452018,0,0,0,0,
prefix,71,*323,0.340151,2,2,-0.056090,0,0,0,0,
prefix,72,PA₃,0.234430,11,17,-0.661811,0,0,0,0,
prefix,73,*164,0.193910,1,1,-0.056090,0,0,0,0,
prefix,74,NU,0.044399,9,26,-1.536083,1,2,0,2,RI-JA ~ NU-RI-JA
prefix,75,SE,-0.008368,10,18,-0.873226,0,0,0,0,
prefix,76,RU,-0.055919,16,33,-1.077785,0,0,0,0,
prefix,77,*22M,-0.056090,0,0,-0.056090,0,0,0,0,
prefix,78,*304,-0.056090,0,0,-0.056090,0,0,0,0,
prefix,79,*308,-0.056090,0,0,-0.056090,0,0,0,0,
prefix,80,*321,-0.056090,0,0,-0.056090,0,0,0,0,
prefix,81,*329,-0.056090,0,0,-0.056090,0,0,0,0,
prefix,82,*331,-0.056090,0,0,-0.056090,0,0,0,0,
prefix,83,*344,-0.056090,0,0,-0.056090,0,0,0,0,
prefix,84,*345,-0.056090,0,0,-0.056090,0,0,0,0,
prefix,85,*350,-0.056090,0,0,-0.056090,0,0,0,0,
prefix,86,*351,-0.056090,0,0,-0.056090,0,0,0,0,
prefix,87,*353,-0.056090,0,0,-0.056090,0,0,0,0,
prefix,88,*354,-0.056090,0,0,-0.056090,0,0,0,0,
prefix,89,*361,-0.056090,0,0,-0.056090,0,0,0,0,
prefix,90,*362,-0.056090,0,0,-0.056090,0,0,0,0,
prefix,91,*516,-0.056090,0,0,-0.056090,0,0,0,0,
prefix,92,*82,-0.056090,0,0,-0.056090,0,0,0,0,
prefix,93,*904,-0.056090,0,0,-0.056090,0,0,0,0,
prefix,94,RA,-0.075097,13,44,-1.776936,1,2,2,2,MA-SI ~ RA-MA-SI
prefix,95,RI,-0.244918,12,45,-1.920028,1,1,2,2,RU-MA ~ RI-RU-MA
prefix,96,DE,-0.257180,7,14,-1.007180,0,0,0,0,
prefix,97,SU,-0.335232,9,20,-1.165714,0,0,0,0,
prefix,98,ME,-0.393145,4,8,-0.973627,0,0,0,0,
prefix,99,RA₂,-0.655625,3,7,-1.155625,0,0,0,0,
prefix,100,TO,-0.996662,3,9,-1.496662,0,0,0,0,
prefix,101,*314,-1.028482,1,3,-1.278482,0,0,0,0,
prefix,102,*34,-1.038361,2,6,-1.434601,0,0,0,0,
prefix,103,NA,-1.101841,9,79,-3.121045,2,5,2,10,DA-RE ~ NA-DA-RE | A-PA₃ ~ NA-A-PA₃
prefix,104,*301,-1.145664,6,22,-1.847503,0,0,0,0,
prefix,105,NI,-1.584549,6,30,-2.286387,0,0,0,0,
prefix,106,*22F,-1.641052,0,1,-1.641052,0,0,0,0,
prefix,107,*307,-1.641052,0,1,-1.641052,0,0,0,0,
prefix,108,*342,-1.641052,0,1,-1.641052,0,0,0,0,
prefix,109,*349,-1.641052,0,1,-1.641052,0,0,0,0,
prefix,110,*49,-1.641052,0,1,-1.641052,0,0,0,0,
prefix,111,*802,-1.641052,0,1,-1.641052,0,0,0,0,
prefix,112,NWA,-1.641052,0,1,-1.641052,0,0,0,0,
prefix,113,JU,-1.861483,2,11,-2.257723,0,0,0,0,
prefix,114,ZA,-1.981777,2,12,-2.378018,0,0,0,0,
prefix,115,*325,-3.226015,0,4,-3.226015,0,0,0,0,
prefix,116,*310,-3.962980,0,7,-3.962980,0,0,0,0,
suffix,1,RO,6.649032,78,7,3.331641,4,5,7,13,KI-DA ~ KI-DA-RO | SA-MA ~ SA-MA-RO | DI-NA ~ DI-NA-RO | A-DA ~ A-DA-RO
suffix,2,JA,4.977149,63,28,1.099705,8,10,8,35,PA-SE ~ PA-SE-JA | A-SE ~ A-SE-JA | *306-TU ~ *306-TU-JA | KU-PA ~ KU-PA-JA | A-MA ~ A-MA-JA | JA-SA ~ JA-SA-JA | A-RI ~ A-RI-JA | PU₂-RE ~ PU₂-RE-JA
suffix,3,ME,4.878606,26,8,1.584368,6,9,3,21,MA-RU ~ MA-RU-ME | A-RA-TU ~ A-RA-TU-ME | JA-SA-SA-RA ~ JA-SA-SA-RA-ME | A-SA-SA-RA ~ A-SA-SA-RA-ME | SA-RA ~ SA-RA-ME | I-JA-PA ~ I-JA-PA-ME
suffix,4,TE,4.869416,55,21,1.312061,6,12,1,20,DU-RI ~ DU-RI-TE | SI-RU ~ SI-RU-TE | KU-NI ~ KU-NI-TE | I-JA ~ I-JA-TE | A-DI-KI-TE ~ A-DI-KI-TE-TE | A-TA-NA ~ A-TA-NA-TE
suffix,5,NE,4.735267,35,10,1.701340,4,3,4,14,*21F-TU ~ *21F-TU-NE | QE-TU ~ QE-TU-NE | PA-TA ~ PA-TA-NE | PA-RA ~ PA-RA-NE
suffix,6,WI,4.427614,8,1,2.446411,2,4,2,5,JA-DI ~ JA-DI-WI | PA₃-NI ~ PA₃-NI-WI
suffix,7,RE,4.240705,58,35,0.664528,6,7,11,24,PA-JA ~ PA-JA-RE | KI-*310 ~ KI-*310-RE | TE-JA ~ TE-JA-RE | A-DU ~ A-DU-RE | DU-RA ~ DU-RA-RE | A-TA ~ A-TA-RE
suffix,8,*118,4.058320,17,3,2.265838,1,2,0,2,A-SI ~ A-SI-*118
suffix,9,JE,3.988892,8,1,2.446411,1,2,0,2,A-TA-NA ~ A-TA-NA-JE
suffix,10,SE,3.900459,31,18,0.711737,5,5,8,16,DI-KI ~ DI-KI-SE | *188-DU ~ *188-DU-SE | TU-ME ~ TU-ME-SE | DU-RE-ZA ~ DU-RE-ZA-SE | RU-MA-TA ~ RU-MA-TA-SE
suffix,11,TI,3.698981,47,35,0.364019,5,6,5,14,SA-MA ~ SA-MA-TI | DA-KU-SE-NE ~ DA-KU-SE-NE-TI | JA-KU ~ JA-KU-TI | RI-RU-MA ~ RI-RU-MA-TI | QA-KI ~ QA-KI-TI
suffix,12,*321,3.694317,4,0,3.113835,0,0,0,0,
suffix,13,RA₂,3.671283,39,7,2.340801,0,0,0,0,
suffix,14,TA₂,3.616123,10,1,2.751265,0,0,0,0,
suffix,15,RA,3.577283,48,44,0.068090,6,6,3,14,A-RU ~ A-RU-RA | I-KI ~ I-KI-RA | SA-RA ~ SA-RA-RA | JA-SA-SA ~ JA-SA-SA-RA | A-DA ~ A-DA-RA | MI-DA ~ MI-DA-RA
suffix,16,*188,3.412079,2,0,2.265838,1,1,2,2,SU-PU₂ ~ SU-PU₂-*188
suffix,17,*306,3.251265,3,0,2.751265,0,0,0,0,
suffix,18,E,3.143731,10,3,1.528873,1,3,0,3,JA-SI ~ JA-SI-E
suffix,19,NA,2.950068,54,79,-0.600788,6,8,5,15,PA₃-NI ~ PA₃-NI-NA | DA-KU ~ DA-KU-NA | NE-MI ~ NE-MI-NA | *118-MI ~ *118-MI-NA | U-NA-KA ~ U-NA-KA-NA | A-TA ~ A-TA-NA
suffix,20,JU,2.780835,17,11,0.549631,2,3,4,8,KU-RE ~ KU-RE-JU | A-RA ~ A-RA-JU
suffix,21,MU,2.727556,6,3,0.836995,2,7,4,8,KU-RA ~ KU-RA-MU | JA-SA ~ JA-SA-MU
suffix,22,TU,2.698853,24,18,0.349167,2,5,3,7,A-RA ~ A-RA-TU | SI-TE ~ SI-TE-TU
suffix,23,PA,2.664995,24,23,0.004031,3,6,2,11,KA-KU ~ KA-KU-PA | I-JA ~ I-JA-PA | A-RI ~ A-RI-PA
suffix,24,*308,2.662079,2,0,2.265838,0,0,0,0,
suffix,25,*331,2.662079,2,0,2.265838,0,0,0,0,
suffix,26,*86,2.662079,2,0,2.265838,0,0,0,0,
suffix,27,ZA,2.591177,21,12,0.726319,1,4,6,11,A-DU ~ A-DU-ZA
suffix,28,MI,2.577630,32,35,-0.183469,3,7,4,10,JA-RE ~ JA-RE-MI | MA-I ~ MA-I-MI | I-DA ~ I-DA-MI
suffix,29,RU,2.558731,36,33,0.067646,2,2,1,6,KA-SA ~ KA-SA-RU | DI-DE ~ DI-DE-RU
suffix,30,*350,2.528873,1,0,1.528873,1,1,2,2,A-TA ~ A-TA-*350
suffix,31,PU,2.501926,8,2,1.709445,0,0,0,0,
suffix,32,*305,2.464620,5,1,1.818380,0,0,0,0,
suffix,33,TA,2.386135,36,63,-0.854950,5,6,4,12,TI-NI ~ TI-NI-TA | RU-MA ~ RU-MA-TA | KI-DA ~ KI-DA-TA | SE-SI ~ SE-SI-TA | A-MI ~ A-MI-TA
suffix,34,NU,2.027455,22,26,-0.292157,2,3,4,11,KU-PA₃ ~ KU-PA₃-NU | U-TI ~ U-TI-NU
suffix,35,QE,1.963114,9,9,-0.056090,2,1,5,12,KA-PA ~ KA-PA-QE | SA-RO ~ SA-RO-QE
suffix,36,SI,1.957280,36,37,-0.095084,1,4,0,5,U-NA-KA-NA ~ U-NA-KA-NA-SI
suffix,37,DU,1.926736,25,24,0.001626,1,1,1,2,MA-SI ~ MA-SI-DU
suffix,38,DI,1.859450,26,36,-0.517994,2,4,1,5,SA-RA ~ SA-RA-DI | A-PA₃ ~ A-PA₃-DI
suffix,39,DE,1.843617,12,14,-0.270214,2,3,2,4,RA-RI ~ RA-RI-DE | A-TA ~ A-TA-DE
suffix,40,*22M,1.778873,1,0,1.528873,0,0,0,0,
suffix,41,*28B,1.778873,1,0,1.528873,0,0,0,0,
suffix,42,*304,1.778873,1,0,1.528873,0,0,0,0,
suffix,43,*312,1.778873,1,0,1.528873,0,0,0,0,
suffix,44,*317,1.778873,1,0,1.528873,0,0,0,0,
suffix,45,*329,1.778873,1,0,1.528873,0,0,0,0,
suffix,46,*344,1.778873,1,0,1.528873,0,0,0,0,
suffix,47,*345,1.778873,1,0,1.528873,0,0,0,0,
suffix,48,*351,1.778873,1,0,1.528873,0,0,0,0,
suffix,49,*353,1.778873,1,0,1.528873,0,0,0,0,
suffix,50,*354,1.778873,1,0,1.528873,0,0,0,0,
suffix,51,*361,1.778873,1,0,1.528873,0,0,0,0,
suffix,52,*362,1.778873,1,0,1.528873,0,0,0,0,
suffix,53,*363,1.778873,1,0,1.528873,0,0,0,0,
suffix,54,*516,1.778873,1,0,1.528873,0,0,0,0,
suffix,55,*82,1.778873,1,0,1.528873,0,0,0,0,
suffix,56,*904,1.778873,1,0,1.528873,0,0,0,0,
suffix,57,SU,1.729277,15,20,-0.459445,2,2,2,10,KU-NI ~ KU-NI-SU | A-RI ~ A-RI-SU
suffix,58,*49,1.666303,3,1,1.166303,0,0,0,0,
suffix,59,MA,1.602337,32,41,-0.408761,1,2,0,2,JA-SA-SA-RA ~ JA-SA-SA-RA-MA
suffix,60,PA₃,1.571803,10,17,-0.793055,3,5,2,6,KU-PA₃ ~ KU-PA₃-PA₃ | JA-KI ~ JA-KI-PA₃ | JA-WA ~ JA-WA-PA₃
suffix,61,U,1.507989,12,13,-0.167121,1,3,1,8,DI-NA ~ DI-NA-U
suffix,62,KA,1.408859,35,31,0.116378,0,0,0,0,
suffix,63,NI,1.385917,22,30,-0.494974,1,1,2,2,MI-DA ~ MI-DA-NI
suffix,64,DA,1.325667,23,45,-1.009295,2,6,1,8,PA-TA ~ PA-TA-DA | I-DA ~ I-DA-DA
suffix,65,KI,1.240766,24,37,-0.670198,1,2,1,3,A-PA ~ A-PA-KI
suffix,66,KE,1.141369,7,5,0.391369,0,0,0,0,
suffix,67,*47,1.077117,2,1,0.680876,0,0,0,0,
suffix,68,SA,1.015379,19,55,-1.565103,3,8,1,9,QA-*118 ~ QA-*118-SA | A-JE ~ A-JE-SA | JA-SA ~ JA-SA-SA
suffix,69,RI,0.990722,19,45,-1.278482,2,4,3,7,TU-PA ~ TU-PA-RI | KU-PA ~ KU-PA-RI
suffix,70,I,0.988351,20,48,-1.298450,2,2,1,4,KI-TA ~ KI-TA-I | TU-ME ~ TU-ME-I
suffix,71,PU₂,0.984886,4,5,-0.345596,1,2,0,2,TU-SU ~ TU-SU-PU₂
suffix,72,A,0.931542,7,14,-1.007180,2,6,2,8,I-DA ~ I-DA-A | MA-RU ~ MA-RU-A
suffix,73,PI,0.846048,13,23,-0.855791,1,2,0,2,JA-WA ~ JA-WA-PI
suffix,74,QA,0.551655,5,9,-0.844586,1,2,1,2,JA-PA ~ JA-PA-QA
suffix,75,ZU,0.452333,6,12,-0.999506,1,3,3,5,KU-PA ~ KU-PA-ZU
suffix,76,O,0.340151,2,2,-0.056090,0,0,0,0,
suffix,77,KU,0.334547,13,33,-1.367291,1,4,3,8,DA-RE ~ DA-RE-KU
suffix,78,*21F,0.234886,4,5,-0.345596,0,0,0,0,
suffix,79,WA,0.217731,9,23,-1.362751,1,2,0,2,I-NA ~ I-NA-WA
suffix,80,*309,-0.056090,0,0,-0.056090,0,0,0,0,
suffix,81,*309B,-0.056090,0,0,-0.056090,0,0,0,0,
suffix,82,*309C,-0.056090,0,0,-0.056090,0,0,0,0,
suffix,83,*318,-0.056090,0,0,-0.056090,0,0,0,0,
suffix,84,*322,-0.056090,0,0,-0.056090,0,0,0,0,
suffix,85,*324,-0.056090,0,0,-0.056090,0,0,0,0,
suffix,86,*327,-0.056090,0,0,-0.056090,0,0,0,0,
suffix,87,*328,-0.056090,0,0,-0.056090,0,0,0,0,
suffix,88,*333,-0.056090,0,0,-0.056090,0,0,0,0,
suffix,89,*352,-0.056090,0,0,-0.056090,0,0,0,0,
suffix,90,*355,-0.056090,0,0,-0.056090,0,0,0,0,
suffix,91,*358,-0.056090,0,0,-0.056090,0,0,0,0,
suffix,92,*539,-0.056090,0,0,-0.056090,0,0,0,0,
suffix,93,*554,-0.056090,0,0,-0.056090,0,0,0,0,
suffix,94,*560,-0.056090,0,0,-0.056090,0,0,0,0,
suffix,95,*810,-0.056090,0,0,-0.056090,0,0,0,0,
suffix,96,*815,-0.056090,0,0,-0.056090,0,0,0,0,
suffix,97,*903,-0.056090,0,0,-0.056090,0,0,0,0,
suffix,98,*905,-0.056090,0,0,-0.056090,0,0,0,0,
suffix,99,TO,-0.553610,4,9,-1.134092,0,0,0,0,
suffix,100,*301,-0.667999,8,22,-1.460480,0,0,0,0,
suffix,101,*314,-1.028482,1,3,-1.278482,0,0,0,0,
suffix,102,PO,-1.028482,1,3,-1.278482,0,0,0,0,
suffix,103,KO,-1.038361,2,6,-1.434601,0,0,0,0,
suffix,104,*310,-1.244811,2,7,-1.641052,0,0,0,0,
suffix,105,*325,-1.391052,1,4,-1.641052,0,0,0,0,
suffix,106,*164,-1.641052,0,1,-1.641052,0,0,0,0,
suffix,107,*22F,-1.641052,0,1,-1.641052,0,0,0,0,
suffix,108,*307,-1.641052,0,1,-1.641052,0,0,0,0,
suffix,109,*342,-1.641052,0,1,-1.641052,0,0,0,0,
suffix,110,*349,-1.641052,0,1,-1.641052,0,0,0,0,
suffix,111,*802,-1.641052,0,1,-1.641052,0,0,0,0,
suffix,112,*805,-1.641052,0,1,-1.641052,0,0,0,0,
suffix,113,NWA,-1.641052,0,1,-1.641052,0,0,0,0,
suffix,114,*323,-2.378018,0,2,-2.378018,0,0,0,0,
suffix,115,AU,-2.378018,0,2,-2.378018,0,0,0,0,
suffix,116,*34,-3.756529,0,6,-3.756529,0,0,0,0,
