side,sign,base,variant,status,base_total_attestations,base_secure_attestations,variant_total_attestations,variant_secure_attestations,secure_sites,secure_scribes,warning_classes,exclusion_classes
prefix,*118,MI-NA,*118-MI-NA,excluded_structural_both,1,0,1,0,0,0,,physical_boundary
prefix,*312,TE-TE,*312-TE-TE,excluded_structural_base,1,0,1,1,1,1,,physical_boundary
prefix,*86,SI-NI,*86-SI-NI,excluded_structural_base,1,0,1,1,1,1,,physical_boundary
prefix,A,DA-RA,A-DA-RA,excluded_structural_base,1,0,1,1,1,0,,physical_boundary
prefix,A,KA-RU,A-KA-RU,accepted_secure,2,1,3,2,1,2,,physical_boundary
prefix,A,KI-RO,A-KI-RO,accepted_secure,16,11,1,1,2,5,,physical_boundary
prefix,A,MI-TA,A-MI-TA,excluded_structural_base,1,0,1,1,1,1,,physical_boundary
prefix,A,PA-RA-NE,A-PA-RA-NE,accepted_secure,2,2,2,2,1,1,onomastic,
prefix,A,RA-NA-RE,A-RA-NA-RE,excluded_structural_base,1,0,1,1,1,1,,physical_boundary
prefix,A,RI-JA,A-RI-JA,excluded_structural_both,1,0,1,0,0,0,,physical_boundary
prefix,A,SA-RA2,A-SA-RA2,accepted_secure,20,20,1,1,1,9,,
prefix,A,SA-SA-RA-ME,A-SA-SA-RA-ME,excluded_structural_variant,2,2,1,0,2,0,,physical_boundary
prefix,A,SI-KI-RA,A-SI-KI-RA,accepted_secure,1,1,1,1,2,2,anthroponymic_risk,
prefix,A,TA-NA-TE,A-TA-NA-TE,accepted_secure,1,1,1,1,1,1,,
prefix,DA,NA-SI,DA-NA-SI,excluded_structural_base,1,0,1,1,1,0,,physical_boundary
prefix,DA,TA-RA,DA-TA-RA,accepted_secure,1,1,1,1,1,1,,
prefix,DA,U-*49,DA-U-*49,accepted_secure,2,2,1,1,2,2,,
prefix,DI,KA-KI,DI-KA-KI,excluded_structural_variant,2,2,1,0,1,0,,physical_boundary
prefix,DI,PA-JA,DI-PA-JA,excluded_structural_variant,1,1,1,0,1,1,,physical_boundary
prefix,DU,NE-MI,DU-NE-MI,excluded_structural_both,1,0,1,0,0,0,,physical_boundary
prefix,DU,RE-ZA,DU-RE-ZA,excluded_structural_variant,3,2,1,0,1,2,,physical_boundary
prefix,E,NA-SI,E-NA-SI,excluded_structural_base,1,0,1,1,1,1,,physical_boundary
prefix,I,DA-DA,I-DA-DA,excluded_structural_base,1,0,1,1,1,0,,physical_boundary
prefix,I,DA-MA-TE,I-DA-MA-TE,accepted_secure,1,1,2,1,2,1,,physical_boundary
prefix,I,JA-PA,I-JA-PA,excluded_structural_variant,1,1,1,0,1,1,,physical_boundary
prefix,I,KI-RA,I-KI-RA,excluded_structural_variant,2,2,1,0,2,2,,physical_boundary
prefix,I,KU-PI,I-KU-PI,excluded_structural_variant,1,1,1,0,1,0,,physical_boundary
prefix,I,KU-TA,I-KU-TA,excluded_structural_base,1,0,1,1,1,0,,physical_boundary
prefix,I,QA-*118,I-QA-*118,accepted_secure,1,1,2,2,2,1,,
prefix,I,RU-JA,I-RU-JA,accepted_secure,1,1,1,1,2,1,,
prefix,I,TA-JA,I-TA-JA,accepted_secure,1,1,1,1,1,1,,
prefix,JA,SA-SA-RA-ME,JA-SA-SA-RA-ME,accepted_secure,2,2,7,7,6,1,,
prefix,KA,I-KA,KA-I-KA,excluded_structural_variant,2,2,1,0,1,2,,physical_boundary
prefix,KA,KU-PA,KA-KU-PA,accepted_secure,4,3,3,3,2,3,,physical_boundary
prefix,KA,NU-TI,KA-NU-TI,excluded_structural_base,2,0,1,1,1,1,,physical_boundary
prefix,KA,RE-RO,KA-RE-RO,accepted_secure,1,1,1,1,1,1,,
prefix,KA,SA-RU,KA-SA-RU,accepted_secure,6,5,1,1,1,2,,physical_boundary
prefix,KE,KI-RU,KE-KI-RU,accepted_secure,1,1,1,1,2,1,,
prefix,KE,SI-TE,KE-SI-TE,accepted_secure,2,2,1,1,3,0,,
prefix,KI,MA-RU,KI-MA-RU,excluded_structural_variant,1,1,1,0,1,1,,complex_logogram
prefix,KI,RE-TA2,KI-RE-TA2,accepted_secure,1,1,2,2,1,2,,
prefix,KI,RE-ZA,KI-RE-ZA,accepted_secure,3,2,1,1,2,2,,physical_boundary
prefix,KI,SA-NE,KI-SA-NE,excluded_structural_both,1,0,1,0,0,0,,physical_boundary
prefix,KU,MA-JU,KU-MA-JU,excluded_structural_base,1,0,1,1,1,1,,physical_boundary
prefix,KU,PA-JA,KU-PA-JA,accepted_secure,1,1,1,1,1,1,,
prefix,KU,RU-MA,KU-RU-MA,excluded_structural_base,1,0,1,1,1,1,,physical_boundary
prefix,MA,SI-DU,MA-SI-DU,excluded_structural_base,1,0,1,1,1,0,,physical_boundary
prefix,MI,DA-RA,MI-DA-RA,excluded_structural_base,1,0,1,1,1,0,,physical_boundary
prefix,MI,KI-SA-NE,MI-KI-SA-NE,excluded_structural_both,1,0,1,0,0,0,,physical_boundary
prefix,MI,NU-TE,MI-NU-TE,accepted_secure,1,1,4,4,1,2,,
prefix,NA,A-PA3,NA-A-PA3,accepted_secure,1,1,1,1,2,0,,
prefix,NA,DA-RE,NA-DA-RE,accepted_secure,7,7,1,1,3,2,,
prefix,NE,MI-NA,NE-MI-NA,excluded_structural_both,1,0,1,0,0,0,,physical_boundary
prefix,NU,RI-JA,NU-RI-JA,excluded_structural_both,1,0,1,0,0,0,,physical_boundary
prefix,O,TE-JA,O-TE-JA,excluded_structural_base,1,0,1,1,1,0,,physical_boundary
prefix,PA,I-KI,PA-I-KI,excluded_structural_both,1,0,1,0,0,0,,physical_boundary
prefix,PA,JA-RE,PA-JA-RE,accepted_secure,1,1,4,4,3,4,onomastic,
prefix,PA,TA-NE,PA-TA-NE,excluded_structural_base,1,0,3,3,1,1,,physical_boundary
prefix,PI,TA-JA,PI-TA-JA,accepted_secure,1,1,1,1,1,0,,
prefix,PI,TA-RA,PI-TA-RA,accepted_secure,1,1,1,1,1,2,,
prefix,PI,TE-RI,PI-TE-RI,accepted_secure,3,2,1,1,3,1,,physical_boundary
prefix,PU2,RE-JA,PU2-RE-JA,excluded_structural_both,2,0,1,0,0,0,,authoritative_source_boundary|editorial_continuation|physical_boundary
prefix,QA,KU-RE,QA-KU-RE,excluded_structural_base,2,0,1,1,1,0,,physical_boundary
prefix,QA,QA-RU,QA-QA-RU,accepted_secure,1,1,3,3,1,3,,
prefix,QE,KU-RE,QE-KU-RE,excluded_structural_base,2,0,1,1,1,1,,physical_boundary
prefix,QE,SI-TE,QE-SI-TE,accepted_secure,2,2,1,1,3,0,,
prefix,RA,MA-SI,RA-MA-SI,excluded_structural_both,1,0,1,0,0,0,,physical_boundary
prefix,RE,A-JA,RE-A-JA,accepted_secure,3,2,1,1,3,0,,physical_boundary
prefix,RI,RU-MA,RI-RU-MA,excluded_structural_base,1,0,1,1,1,1,,physical_boundary
prefix,RO,SI-RA,RO-SI-RA,excluded_structural_both,1,0,1,0,0,0,,physical_boundary
prefix,SA,RA-ME,SA-RA-ME,excluded_structural_both,1,0,1,0,0,0,,editorial_continuation|physical_boundary
prefix,SA,SA-RA-ME,SA-SA-RA-ME,excluded_structural_base,1,0,2,2,2,0,,editorial_continuation
prefix,SI,*805-MI,SI-*805-MI,accepted_secure,2,2,1,1,1,1,,
prefix,SI,DA-RE,SI-DA-RE,accepted_secure,7,7,2,2,3,3,,
prefix,SI,I-SI,SI-I-SI,excluded_structural_both,2,0,1,0,0,0,,physical_boundary
prefix,SI,KI-RA,SI-KI-RA,accepted_secure,2,2,1,1,2,3,anthroponymic_risk,
prefix,SI,MI-TA,SI-MI-TA,excluded_structural_base,1,0,1,1,1,1,,physical_boundary
prefix,SI,TE-TU,SI-TE-TU,accepted_secure,3,2,1,1,2,3,,physical_boundary
prefix,TA,NA-TI,TA-NA-TI,accepted_secure,1,1,4,3,1,2,,physical_boundary
prefix,TE,JA-RE,TE-JA-RE,accepted_secure,1,1,1,1,2,2,onomastic,
prefix,TI,NI-TA,TI-NI-TA,excluded_structural_base,1,0,1,1,1,1,,physical_boundary
prefix,TI,TI-MA,TI-TI-MA,accepted_secure,1,1,1,1,2,0,,
prefix,TU,RU-SA,TU-RU-SA,accepted_secure,1,1,1,1,2,1,,
prefix,TU,SU-PU2,TU-SU-PU2,accepted_secure,1,1,1,1,1,1,,
prefix,U,QE-TI,U-QE-TI,accepted_secure,1,1,1,1,2,1,,
prefix,WA,JA-PI,WA-JA-PI,excluded_structural_both,1,0,1,0,0,0,,physical_boundary
prefix,WA,O-MI,WA-O-MI,excluded_structural_base,1,0,1,1,1,0,,physical_boundary
prefix,WI,DI-NA,WI-DI-NA,excluded_structural_base,2,0,1,1,1,1,,physical_boundary
suffix,*118,A-SI,A-SI-*118,excluded_structural_variant,1,1,1,0,1,0,,physical_boundary
suffix,*188,SU-PU2,SU-PU2-*188,accepted_secure,1,1,1,1,1,2,,
suffix,*350,A-TA,A-TA-*350,excluded_structural_base,1,0,1,1,1,1,,physical_boundary
suffix,A,I-DA,I-DA-A,accepted_secure,5,2,1,1,3,1,,physical_boundary
suffix,A,MA-RU,MA-RU-A,excluded_structural_variant,1,1,1,0,1,1,,physical_boundary
suffix,DA,I-DA,I-DA-DA,accepted_secure,5,2,1,1,3,1,,physical_boundary
suffix,DA,PA-TA,PA-TA-DA,excluded_structural_both,1,0,1,0,0,0,,physical_boundary
suffix,DE,A-TA,A-TA-DE,excluded_structural_base,1,0,1,1,1,0,,physical_boundary
suffix,DE,RA-RI,RA-RI-DE,excluded_structural_both,1,0,1,0,0,0,,physical_boundary
suffix,DI,A-PA3,A-PA3-DI,accepted_secure,1,1,1,1,2,0,,
suffix,DI,SA-RA,SA-RA-DI,excluded_structural_both,2,0,1,0,0,0,,non_linear_a_script|physical_boundary
suffix,DU,MA-SI,MA-SI-DU,excluded_structural_base,1,0,1,1,1,0,,physical_boundary
suffix,E,JA-SI,JA-SI-E,accepted_secure,2,1,1,1,2,0,,physical_boundary
suffix,I,KI-TA,KI-TA-I,excluded_structural_base,1,0,1,1,1,1,,physical_boundary
suffix,I,TU-ME,TU-ME-I,excluded_structural_base,1,0,1,1,1,0,,editorial_continuation
suffix,JA,*306-TU,*306-TU-JA,accepted_secure,4,4,1,1,1,2,designation_or_onomastic,
suffix,JA,A-MA,A-MA-JA,accepted_secure,3,2,1,1,3,1,,physical_boundary
suffix,JA,A-RI,A-RI-JA,excluded_structural_variant,3,2,1,0,1,0,,physical_boundary
suffix,JA,A-SE,A-SE-JA,accepted_secure,4,4,1,1,2,3,,
suffix,JA,JA-SA,JA-SA-JA,excluded_structural_base,4,0,1,1,1,0,,editorial_continuation|non_linear_a_script|physical_boundary
suffix,JA,KU-PA,KU-PA-JA,accepted_secure,4,3,1,1,2,1,,physical_boundary
suffix,JA,PA-SE,PA-SE-JA,accepted_secure,2,2,3,2,1,3,,physical_boundary
suffix,JA,PU2-RE,PU2-RE-JA,excluded_structural_both,1,0,1,0,0,0,,authoritative_source_boundary
suffix,JE,A-TA-NA,A-TA-NA-JE,excluded_structural_base,1,0,1,1,1,0,,physical_boundary
suffix,JU,A-RA,A-RA-JU,excluded_structural_base,3,0,1,1,1,1,,physical_boundary
suffix,JU,KU-RE,KU-RE-JU,excluded_structural_base,2,0,2,1,1,1,,physical_boundary
suffix,KI,A-PA,A-PA-KI,excluded_structural_base,2,0,1,1,1,0,,physical_boundary
suffix,KU,DA-RE,DA-RE-KU,excluded_structural_variant,7,7,1,0,3,2,,physical_boundary
suffix,MA,JA-SA-SA-RA,JA-SA-SA-RA-MA,excluded_structural_both,1,0,1,0,0,0,,editorial_continuation
suffix,ME,A-RA-TU,A-RA-TU-ME,accepted_secure,1,1,1,1,2,0,,
suffix,ME,A-SA-SA-RA,A-SA-SA-RA-ME,excluded_structural_both,1,0,1,0,0,0,,physical_boundary
suffix,ME,I-JA-PA,I-JA-PA-ME,excluded_structural_base,1,0,1,1,1,1,,physical_boundary
suffix,ME,JA-SA-SA-RA,JA-SA-SA-RA-ME,excluded_structural_base,1,0,7,7,5,1,,editorial_continuation
suffix,ME,MA-RU,MA-RU-ME,excluded_structural_variant,1,1,3,0,1,1,,complex_logogram
suffix,ME,SA-RA,SA-RA-ME,excluded_structural_both,2,0,1,0,0,0,,editorial_continuation|non_linear_a_script|physical_boundary
suffix,MI,I-DA,I-DA-MI,accepted_secure,5,2,1,1,3,1,,physical_boundary
suffix,MI,JA-RE,JA-RE-MI,accepted_secure,1,1,1,1,2,2,,
suffix,MI,MA-I,MA-I-MI,excluded_structural_base,1,0,1,1,1,1,,physical_boundary
suffix,MU,JA-SA,JA-SA-MU,excluded_structural_base,4,0,1,1,1,1,,editorial_continuation|non_linear_a_script|physical_boundary
suffix,MU,KU-RA,KU-RA-MU,accepted_secure,2,2,1,1,3,3,,
suffix,NA,*118-MI,*118-MI-NA,excluded_structural_variant,1,1,1,0,1,1,,physical_boundary
suffix,NA,A-TA,A-TA-NA,excluded_structural_both,1,0,1,0,0,0,,physical_boundary
suffix,NA,DA-KU,DA-KU-NA,accepted_secure,1,1,1,1,2,1,,
suffix,NA,NE-MI,NE-MI-NA,excluded_structural_both,1,0,1,0,0,0,,physical_boundary
suffix,NA,PA3-NI,PA3-NI-NA,accepted_secure,2,2,3,3,1,2,,
suffix,NA,U-NA-KA,U-NA-KA-NA,excluded_structural_both,1,0,1,0,0,0,,physical_boundary
suffix,NE,*21F-TU,*21F-TU-NE,accepted_secure,1,1,3,3,1,2,,
suffix,NE,PA-RA,PA-RA-NE,accepted_secure,2,2,2,2,2,2,onomastic,
suffix,NE,PA-TA,PA-TA-NE,excluded_structural_base,1,0,3,3,1,1,,physical_boundary
suffix,NE,QE-TU,QE-TU-NE,excluded_structural_base,1,0,1,1,1,1,,physical_boundary
suffix,NI,MI-DA,MI-DA-NI,accepted_secure,1,1,1,1,1,2,,
suffix,NU,KU-PA3,KU-PA3-NU,accepted_secure,1,1,8,8,2,4,,
suffix,NU,U-TI,U-TI-NU,excluded_structural_variant,1,1,1,0,1,0,,physical_boundary
suffix,PA,A-RI,A-RI-PA,accepted_secure,3,2,1,1,2,0,,physical_boundary
suffix,PA,I-JA,I-JA-PA,excluded_structural_variant,2,1,1,0,1,0,,physical_boundary
suffix,PA,KA-KU,KA-KU-PA,accepted_secure,1,1,3,3,1,2,,
suffix,PA3,JA-KI,JA-KI-PA3,excluded_structural_base,1,0,1,1,1,0,,physical_boundary
suffix,PA3,JA-WA,JA-WA-PA3,excluded_structural_base,1,0,1,1,1,0,,physical_boundary
suffix,PA3,KU-PA3,KU-PA3-PA3,accepted_secure,1,1,1,1,1,2,,
suffix,PI,JA-WA,JA-WA-PI,excluded_structural_base,1,0,1,1,1,0,,physical_boundary
suffix,PU2,TU-SU,TU-SU-PU2,accepted_secure,1,1,1,1,2,0,,
suffix,QA,JA-PA,JA-PA-QA,excluded_structural_variant,1,1,1,0,1,1,,physical_boundary
suffix,QE,KA-PA,KA-PA-QE,accepted_secure,6,5,1,1,1,4,,physical_boundary
suffix,QE,SA-RO,SA-RO-QE,excluded_structural_variant,4,4,1,0,1,1,,physical_boundary
suffix,RA,A-DA,A-DA-RA,accepted_secure,1,1,1,1,2,0,,
suffix,RA,A-RU,A-RU-RA,excluded_structural_variant,2,2,1,0,1,0,,physical_boundary
suffix,RA,I-KI,I-KI-RA,excluded_structural_both,1,0,1,0,0,0,,physical_boundary
suffix,RA,JA-SA-SA,JA-SA-SA-RA,excluded_structural_both,1,0,1,0,0,0,,editorial_continuation|physical_boundary
suffix,RA,MI-DA,MI-DA-RA,accepted_secure,1,1,1,1,2,1,,
suffix,RA,SA-RA,SA-RA-RA,excluded_structural_base,2,0,1,1,1,1,,non_linear_a_script|physical_boundary
suffix,RE,A-DU,A-DU-RE,excluded_structural_variant,10,7,1,0,1,5,,physical_boundary
suffix,RE,A-TA,A-TA-RE,excluded_structural_base,1,0,1,1,1,1,,physical_boundary
suffix,RE,DU-RA,DU-RA-RE,excluded_structural_base,1,0,1,1,1,0,,physical_boundary
suffix,RE,KI-*310,KI-*310-RE,excluded_structural_base,1,0,1,1,1,0,,physical_boundary
suffix,RE,PA-JA,PA-JA-RE,accepted_secure,1,1,4,4,2,4,onomastic,
suffix,RE,TE-JA,TE-JA-RE,excluded_structural_base,1,0,1,1,1,1,onomastic,physical_boundary
suffix,RI,KU-PA,KU-PA-RI,accepted_secure,4,3,1,1,3,1,,physical_boundary
suffix,RI,TU-PA,TU-PA-RI,excluded_structural_both,1,0,1,0,0,0,,physical_boundary
suffix,RO,A-DA,A-DA-RO,accepted_secure,1,1,1,1,2,0,,
suffix,RO,DI-NA,DI-NA-RO,excluded_structural_base,2,0,1,1,1,1,,physical_boundary
suffix,RO,KI-DA,KI-DA-RO,excluded_structural_base,1,0,2,1,1,1,,physical_boundary
suffix,RO,SA-MA,SA-MA-RO,accepted_secure,4,4,1,1,2,3,onomastic_or_designation,
suffix,RU,DI-DE,DI-DE-RU,excluded_structural_base,1,0,3,3,1,1,,physical_boundary
suffix,RU,KA-SA,KA-SA-RU,excluded_structural_base,1,0,1,1,1,0,,physical_boundary
suffix,SA,A-JE,A-JE-SA,accepted_secure,1,1,1,1,2,0,,
suffix,SA,JA-SA,JA-SA-SA,excluded_structural_both,4,0,1,0,0,0,,editorial_continuation|non_linear_a_script|physical_boundary
suffix,SA,QA-*118,QA-*118-SA,accepted_secure,1,1,1,1,2,1,,
suffix,SE,*188-DU,*188-DU-SE,excluded_structural_variant,3,3,1,0,1,2,,physical_boundary
suffix,SE,DI-KI,DI-KI-SE,excluded_structural_base,1,0,2,2,1,1,,physical_boundary
suffix,SE,DU-RE-ZA,DU-RE-ZA-SE,excluded_structural_base,1,0,3,2,1,1,,physical_boundary
suffix,SE,RU-MA-TA,RU-MA-TA-SE,accepted_secure,2,2,1,1,2,2,,
suffix,SE,TU-ME,TU-ME-SE,excluded_structural_both,1,0,1,0,0,0,,editorial_continuation|physical_boundary
suffix,SI,U-NA-KA-NA,U-NA-KA-NA-SI,excluded_structural_base,1,0,4,4,3,0,,physical_boundary
suffix,SU,A-RI,A-RI-SU,accepted_secure,3,2,1,1,2,1,,physical_boundary
suffix,SU,KU-NI,KU-NI-SU,excluded_structural_base,1,0,5,4,1,1,,physical_boundary
suffix,TA,A-MI,A-MI-TA,accepted_secure,2,1,1,1,2,1,,physical_boundary
suffix,TA,KI-DA,KI-DA-TA,excluded_structural_base,1,0,1,1,1,1,,physical_boundary
suffix,TA,RU-MA,RU-MA-TA,excluded_structural_base,1,0,2,2,1,1,,physical_boundary
suffix,TA,SE-SI,SE-SI-TA,excluded_structural_variant,1,1,1,0,1,0,,physical_boundary
suffix,TA,TI-NI,TI-NI-TA,excluded_structural_base,1,0,1,1,1,1,,physical_boundary
suffix,TE,A-DI-KI-TE,A-DI-KI-TE-TE,excluded_structural_both,1,0,1,0,0,0,,physical_boundary
suffix,TE,A-TA-NA,A-TA-NA-TE,excluded_structural_base,1,0,1,1,1,1,,physical_boundary
suffix,TE,DU-RI,DU-RI-TE,excluded_structural_both,1,0,1,0,0,0,,physical_boundary
suffix,TE,I-JA,I-JA-TE,accepted_secure,2,1,1,1,2,0,,physical_boundary
suffix,TE,KU-NI,KU-NI-TE,excluded_structural_base,1,0,1,1,1,0,,physical_boundary
suffix,TE,SI-RU,SI-RU-TE,accepted_secure,2,1,7,6,5,0,,physical_boundary
suffix,TI,DA-KU-SE-NE,DA-KU-SE-NE-TI,accepted_secure,2,1,1,1,1,2,,physical_boundary
suffix,TI,JA-KU,JA-KU-TI,accepted_secure,1,1,1,1,2,0,,
suffix,TI,QA-KI,QA-KI-TI,excluded_structural_base,1,0,1,1,1,0,,physical_boundary
suffix,TI,RI-RU-MA,RI-RU-MA-TI,accepted_secure,1,1,1,1,2,1,,
suffix,TI,SA-MA,SA-MA-TI,excluded_structural_variant,4,4,1,0,2,2,,physical_boundary
suffix,TU,A-RA,A-RA-TU,excluded_structural_base,3,0,1,1,1,0,,physical_boundary
suffix,TU,SI-TE,SI-TE-TU,accepted_secure,2,2,1,1,2,1,,
suffix,U,DI-NA,DI-NA-U,excluded_structural_base,2,0,6,5,2,1,,physical_boundary
suffix,WA,I-NA,I-NA-WA,excluded_structural_base,1,0,1,1,1,0,,physical_boundary
suffix,WI,JA-DI,JA-DI-WI,excluded_structural_variant,1,1,1,0,1,0,,segmented_fragment_flattening
suffix,WI,PA3-NI,PA3-NI-WI,accepted_secure,2,2,1,1,2,2,,
suffix,ZA,A-DU,A-DU-ZA,accepted_secure,10,7,1,1,2,5,,physical_boundary
suffix,ZU,KU-PA,KU-PA-ZU,accepted_secure,4,3,1,1,3,2,,physical_boundary
