id,form,site,scribe,support,tokenIndex,warning_classes
HT1,QE-RA2-U,HAGHIA TRIADA,HT SCRIBE 21,TABLET,0,
HT1,KI-RO,HAGHIA TRIADA,HT SCRIBE 21,TABLET,3,
HT1,ZU-SU,HAGHIA TRIADA,HT SCRIBE 21,TABLET,6,
HT1,DI-DI-ZA-KE,HAGHIA TRIADA,HT SCRIBE 21,TABLET,9,
HT1,KU-PA3-NU,HAGHIA TRIADA,HT SCRIBE 21,TABLET,12,
HT1,A-RA-NA-RE,HAGHIA TRIADA,HT SCRIBE 21,TABLET,15,
HT2,A-KA-RU,HAGHIA TRIADA,,TABLET,0,
HT3,QE-RA2-JA,HAGHIA TRIADA,,TABLET,7,
HT3,MU-RU,HAGHIA TRIADA,,TABLET,16,
HT3,SI-TU-RA2-RE,HAGHIA TRIADA,,TABLET,21,
HT3,KU-PA3-NU,HAGHIA TRIADA,,TABLET,26,
HT6A,KA-PA,HAGHIA TRIADA,,TABLET,0,
HT6A,DA-TA-RA,HAGHIA TRIADA,,TABLET,3,
HT6A,PI-TA-JA,HAGHIA TRIADA,,TABLET,10,
HT6A,MA-*321,HAGHIA TRIADA,,TABLET,16,
HT6A,O-RA2-DI-NE,HAGHIA TRIADA,,TABLET,19,
HT6A,KA-PA-QE,HAGHIA TRIADA,,TABLET,22,
HT6A,DA-QE-RA,HAGHIA TRIADA,,TABLET,26,
HT6A,QE-PI-TA,HAGHIA TRIADA,,TABLET,29,
HT6B,WA-DU-NI-MI,HAGHIA TRIADA,,TABLET,0,
HT6B,RA-TI-SE,HAGHIA TRIADA,,TABLET,4,
HT6B,MA-RI-RE-I,HAGHIA TRIADA,,TABLET,7,
HT6B,DU-DA-MA,HAGHIA TRIADA,,TABLET,10,
HT6B,DA-KI,HAGHIA TRIADA,,TABLET,13,
HT6B,SA-MA,HAGHIA TRIADA,,TABLET,17,
HT6B,PA3-NI-NA,HAGHIA TRIADA,,TABLET,20,
HT7A,QE-TI,HAGHIA TRIADA,HT SCRIBE 11,TABLET,0,
HT7A,I-RU-JA,HAGHIA TRIADA,HT SCRIBE 11,TABLET,4,
HT7A,DU-JA,HAGHIA TRIADA,HT SCRIBE 11,TABLET,7,
HT7A,TA-NA-TI,HAGHIA TRIADA,HT SCRIBE 11,TABLET,10,
HT7A,DA-RE,HAGHIA TRIADA,HT SCRIBE 11,TABLET,13,
HT7A,TE-TU,HAGHIA TRIADA,HT SCRIBE 11,TABLET,16,
HT7B,*21F-TU-NE,HAGHIA TRIADA,HT SCRIBE 11,TABLET,0,
HT7B,DA-RU-*329,HAGHIA TRIADA,HT SCRIBE 11,TABLET,3,
HT8A,JE-DI,HAGHIA TRIADA,HT SCRIBE 2,TABLET,0,
HT8A,PA3-KA-RA-TI,HAGHIA TRIADA,HT SCRIBE 2,TABLET,4,
HT8A,TE-*301,HAGHIA TRIADA,HT SCRIBE 2,TABLET,12,
HT8A,QA-*310-I,HAGHIA TRIADA,HT SCRIBE 2,TABLET,15,
HT8A,SI-KI-RA,HAGHIA TRIADA,HT SCRIBE 2,TABLET,18,anthroponymic_risk
HT8A,KI-RE-TA-NA,HAGHIA TRIADA,HT SCRIBE 2,TABLET,21,
HT8B,SU-PU2-*188,HAGHIA TRIADA,HT SCRIBE 2,TABLET,0,
HT8B,PA3-*188,HAGHIA TRIADA,HT SCRIBE 2,TABLET,7,
HT8B,QA-*310-I,HAGHIA TRIADA,HT SCRIBE 2,TABLET,10,
HT8B,KA-PA,HAGHIA TRIADA,HT SCRIBE 2,TABLET,14,
HT8B,PA-JA-RE,HAGHIA TRIADA,HT SCRIBE 2,TABLET,17,onomastic
HT9A,SA-RO,HAGHIA TRIADA,,TABLET,0,
HT9A,PA-DE,HAGHIA TRIADA,,TABLET,7,
HT9A,*306-TU,HAGHIA TRIADA,,TABLET,12,designation_or_onomastic
HT9A,DI-NA-U,HAGHIA TRIADA,,TABLET,15,
HT9A,QE-PU,HAGHIA TRIADA,,TABLET,18,
HT9A,*324-DI-RA,HAGHIA TRIADA,,TABLET,21,
HT9A,A-RU,HAGHIA TRIADA,,TABLET,29,
HT9A,KU-RO,HAGHIA TRIADA,,TABLET,33,
HT9B,KA-*305,HAGHIA TRIADA,,TABLET,7,
HT9B,PA-DE,HAGHIA TRIADA,,TABLET,10,
HT9B,A-SI,HAGHIA TRIADA,,TABLET,13,
HT9B,*306-TU,HAGHIA TRIADA,,TABLET,16,designation_or_onomastic
HT9B,*324-DI-RA,HAGHIA TRIADA,,TABLET,19,
HT9B,QE-PU,HAGHIA TRIADA,,TABLET,22,
HT9B,DI-NA-U,HAGHIA TRIADA,,TABLET,28,
HT9B,KU-RO,HAGHIA TRIADA,,TABLET,31,
HT10A,KU-NI-SU,HAGHIA TRIADA,,TABLET,0,
HT10A,SA-MA,HAGHIA TRIADA,,TABLET,3,
HT10A,DA-RE,HAGHIA TRIADA,,TABLET,10,
HT10A,U-*325-ZA,HAGHIA TRIADA,,TABLET,14,
HT10A,U-*325-ZA,HAGHIA TRIADA,,TABLET,20,
HT10A,*305-RU,HAGHIA TRIADA,,TABLET,23,
HT10A,DA-RI-DA,HAGHIA TRIADA,,TABLET,27,
HT10A,ME-ZA,HAGHIA TRIADA,,TABLET,30,
HT10B,U-TI,HAGHIA TRIADA,,TABLET,0,
HT10B,DA-RE,HAGHIA TRIADA,,TABLET,3,
HT10B,TA-RI-NA,HAGHIA TRIADA,,TABLET,6,
HT10B,*312-TA,HAGHIA TRIADA,,TABLET,9,
HT10B,KA-SA-RU,HAGHIA TRIADA,,TABLET,13,
HT10B,TA-NA-TI,HAGHIA TRIADA,,TABLET,16,
HT11A,KA-RO-NA,HAGHIA TRIADA,HT SCRIBE 24,TABLET,4,
HT11A,*322-RI,HAGHIA TRIADA,HT SCRIBE 24,TABLET,7,
HT11A,KU-RO,HAGHIA TRIADA,HT SCRIBE 24,TABLET,10,
HT11A,A-SU-JA,HAGHIA TRIADA,HT SCRIBE 24,TABLET,13,
HT11B,RU-RA2,HAGHIA TRIADA,HT SCRIBE 24,TABLET,2,
HT11B,*86-KA,HAGHIA TRIADA,HT SCRIBE 24,TABLET,4,
HT11B,RU-ZU-NA,HAGHIA TRIADA,HT SCRIBE 24,TABLET,13,
HT11B,SA-QE-RI,HAGHIA TRIADA,HT SCRIBE 24,TABLET,17,
HT11B,KU-RO,HAGHIA TRIADA,HT SCRIBE 24,TABLET,22,
HT12,QA-TI-DA-TE,HAGHIA TRIADA,HT SCRIBE 11,TABLET,0,
HT12,QE-TU-NE,HAGHIA TRIADA,HT SCRIBE 11,TABLET,8,
HT12,DA-I,HAGHIA TRIADA,HT SCRIBE 11,TABLET,30,
HT13,KA-U-DE-TA,HAGHIA TRIADA,HT SCRIBE 8,TABLET,0,
HT13,RE-ZA,HAGHIA TRIADA,HT SCRIBE 8,TABLET,6,
HT13,TE-TU,HAGHIA TRIADA,HT SCRIBE 8,TABLET,10,
HT13,TE-KI,HAGHIA TRIADA,HT SCRIBE 8,TABLET,13,
HT13,KU-ZU-NI,HAGHIA TRIADA,HT SCRIBE 8,TABLET,17,
HT13,DA-SI-*118,HAGHIA TRIADA,HT SCRIBE 8,TABLET,20,
HT13,I-DU-NE-SI,HAGHIA TRIADA,HT SCRIBE 8,TABLET,23,
HT13,KU-RO,HAGHIA TRIADA,HT SCRIBE 8,TABLET,26,
HT14,A-PU2-NA-DU,HAGHIA TRIADA,HT SCRIBE 14,TABLET,19,
HT15,U-*34-SI,HAGHIA TRIADA,,TABLET,0,
HT15,KI-RO,HAGHIA TRIADA,,TABLET,11,
HT16,KA-KU-PA,HAGHIA TRIADA,HT SCRIBE 10,TABLET,0,
HT16,DI-NA-U,HAGHIA TRIADA,HT SCRIBE 10,TABLET,3,
HT16,SA-PO,HAGHIA TRIADA,HT SCRIBE 10,TABLET,13,
HT17,SA-RO,HAGHIA TRIADA,HT SCRIBE 18,TABLET,7,
HT17,SI-DA-RE,HAGHIA TRIADA,HT SCRIBE 18,TABLET,10,
HT18,PA-SE,HAGHIA TRIADA,HT SCRIBE 20,TABLET,0,
HT18,SA-RA2,HAGHIA TRIADA,HT SCRIBE 20,TABLET,10,
HT19,RA-*164-TI,HAGHIA TRIADA,HT SCRIBE 18,TABLET,0,
HT19,SA-RO,HAGHIA TRIADA,HT SCRIBE 18,TABLET,7,
HT19,DU-ME-DI,HAGHIA TRIADA,HT SCRIBE 18,TABLET,11,
HT20,PA-RO-SU,HAGHIA TRIADA,HT SCRIBE 10,TABLET,0,
HT20,KU-MA-JU,HAGHIA TRIADA,HT SCRIBE 10,TABLET,3,
HT20,QE-KU-RE,HAGHIA TRIADA,HT SCRIBE 10,TABLET,6,
HT20,SA-RE-JU,HAGHIA TRIADA,HT SCRIBE 10,TABLET,14,
HT21,PI-TA-KA-SE,HAGHIA TRIADA,HT SCRIBE 22,TABLET,0,
HT23A,KA-NA,HAGHIA TRIADA,,TABLET,0,
HT23A,*21F-RI-TU-QA,HAGHIA TRIADA,,TABLET,32,
HT23A,SA-SA-ME,HAGHIA TRIADA,,TABLET,35,
HT23A,KO-RU,HAGHIA TRIADA,,TABLET,41,
HT23B,NI-RA,HAGHIA TRIADA,,TABLET,0,
HT24A,KU-PA3-RI-JA,HAGHIA TRIADA,,TABLET,0,
HT24A,PA-SA-RI-JA,HAGHIA TRIADA,,TABLET,14,
HT24A,RU-I-KO,HAGHIA TRIADA,,TABLET,17,
HT24B,*539-*118,HAGHIA TRIADA,,TABLET,8,
HT25A,U-RE-WI,HAGHIA TRIADA,,TABLET,9,
HT25A,DI-NA-U,HAGHIA TRIADA,,TABLET,12,
HT25A,A-RI-NI-TA,HAGHIA TRIADA,,TABLET,15,
HT25A,ZU-JU-PU2,HAGHIA TRIADA,,TABLET,20,
HT25B,KU-RO,HAGHIA TRIADA,,TABLET,4,
HT25B,WI-TE-RO,HAGHIA TRIADA,,TABLET,7,
HT25B,I-TI,HAGHIA TRIADA,,TABLET,9,
HT25B,KU-RO,HAGHIA TRIADA,,TABLET,16,
HT26A,*312-TE-TE,HAGHIA TRIADA,HT SCRIBE 3,TABLET,3,
HT26A,TA-TI,HAGHIA TRIADA,HT SCRIBE 3,TABLET,6,
HT26A,MI-KI-SE-NA,HAGHIA TRIADA,HT SCRIBE 3,TABLET,9,
HT26A,U-NU-*21F,HAGHIA TRIADA,HT SCRIBE 3,TABLET,12,
HT26B,KA-U-ZU-NI,HAGHIA TRIADA,HT SCRIBE 3,TABLET,9,
HT26B,I-*308,HAGHIA TRIADA,HT SCRIBE 3,TABLET,15,
HT26B,*188-*86,HAGHIA TRIADA,HT SCRIBE 3,TABLET,18,
HT27A,TI-NI-TA,HAGHIA TRIADA,HT SCRIBE 11,TABLET,0,
HT27A,KU-*305,HAGHIA TRIADA,HT SCRIBE 11,TABLET,26,
HT27A,KU-RO,HAGHIA TRIADA,HT SCRIBE 11,TABLET,34,
HT27B,MI-DA,HAGHIA TRIADA,HT SCRIBE 11,TABLET,0,
HT27B,PA-SE,HAGHIA TRIADA,HT SCRIBE 11,TABLET,24,
HT28A,A-SI-JA-KA,HAGHIA TRIADA,HT SCRIBE 13,TABLET,0,
HT28A,JA-*21F,HAGHIA TRIADA,HT SCRIBE 13,TABLET,3,
HT28A,SA-RA2,HAGHIA TRIADA,HT SCRIBE 13,TABLET,20,
HT28A,A-RU-DA-RA,HAGHIA TRIADA,HT SCRIBE 13,TABLET,33,
HT28A,I-TA-JA,HAGHIA TRIADA,HT SCRIBE 13,TABLET,43,
HT28B,A-SI-JA-KA,HAGHIA TRIADA,HT SCRIBE 13,TABLET,0,
HT28B,U-MI-NA-SI,HAGHIA TRIADA,HT SCRIBE 13,TABLET,2,
HT28B,SA-RA2,HAGHIA TRIADA,HT SCRIBE 13,TABLET,5,
HT28B,PU-RA2,HAGHIA TRIADA,HT SCRIBE 13,TABLET,18,
HT28B,JA-*21F,HAGHIA TRIADA,HT SCRIBE 13,TABLET,22,
HT28B,WI-DI-NA,HAGHIA TRIADA,HT SCRIBE 13,TABLET,26,
HT29,RU-MA-TA,HAGHIA TRIADA,,TABLET,0,
HT29,PA-JA-RE,HAGHIA TRIADA,,TABLET,6,onomastic
HT29,SA-*323-MI,HAGHIA TRIADA,,TABLET,12,
HT29,A-RE-DA-I,HAGHIA TRIADA,,TABLET,19,
HT29,KA-DU-MA-NE,HAGHIA TRIADA,,TABLET,22,
HT30,SA-RA2,HAGHIA TRIADA,HT SCRIBE 1,TABLET,3,
HT30,SA-RA-RA,HAGHIA TRIADA,HT SCRIBE 1,TABLET,23,
HT30,KI-RO,HAGHIA TRIADA,HT SCRIBE 1,TABLET,29,
HT31,PU-KO,HAGHIA TRIADA,HT SCRIBE 12,TABLET,3,
HT31,*815-QA-PA3,HAGHIA TRIADA,HT SCRIBE 12,TABLET,10,
HT31,SA-JA-MA,HAGHIA TRIADA,HT SCRIBE 12,TABLET,19,
HT31,KI-DE-MA-*323-NA,HAGHIA TRIADA,HT SCRIBE 12,TABLET,24,
HT31,*815-SU-PA3-RA,HAGHIA TRIADA,HT SCRIBE 12,TABLET,29,
HT31,*815-PA-TA-QE,HAGHIA TRIADA,HT SCRIBE 12,TABLET,32,
HT32,SA-RA2,HAGHIA TRIADA,HT SCRIBE 1,TABLET,2,
HT32,SU-RE,HAGHIA TRIADA,HT SCRIBE 1,TABLET,20,
HT33,SA-RA2,HAGHIA TRIADA,HT SCRIBE 1,TABLET,0,
HT34,DA-JU-TE,HAGHIA TRIADA,,TABLET,0,
HT34,SI-*516,HAGHIA TRIADA,,TABLET,2,
HT34,SA-RA2,HAGHIA TRIADA,,TABLET,5,
HT34,KI-RO,HAGHIA TRIADA,,TABLET,37,
HT35,TI-TI-KU,HAGHIA TRIADA,,TABLET,0,
HT35,I-KU-TA,HAGHIA TRIADA,,TABLET,5,
HT36,JE-DI,HAGHIA TRIADA,,TABLET,0,
HT36,DU-ZU-WA,HAGHIA TRIADA,,TABLET,5,
HT37,KA-KI,HAGHIA TRIADA,,TABLET,3,
HT37,KI-*310-RE,HAGHIA TRIADA,,TABLET,16,
HT37,KI-RO,HAGHIA TRIADA,,TABLET,19,
HT37,KA-KI,HAGHIA TRIADA,,TABLET,22,
HT38,DA-RO-PA,HAGHIA TRIADA,HT SCRIBE 8,TABLET,4,
HT38,*554-*118,HAGHIA TRIADA,HT SCRIBE 8,TABLET,14,
HT40,NU-DU-*331,HAGHIA TRIADA,HT SCRIBE 2,TABLET,0,
HT40,KI-DA-TA,HAGHIA TRIADA,HT SCRIBE 2,TABLET,7,
HT41A,MI-DA-NI,HAGHIA TRIADA,HT SCRIBE 14,TABLET,17,
HT41A,PA-JA,HAGHIA TRIADA,HT SCRIBE 14,TABLET,19,
HT42+59,SA-RO,HAGHIA TRIADA,,TABLET,12,
HT42+59,SU-DU,HAGHIA TRIADA,,TABLET,29,
HT42+59,RE-TU,HAGHIA TRIADA,,TABLET,31,
HT43,MA-SI-DU,HAGHIA TRIADA,,TABLET,0,
HT43,PA-*342-I,HAGHIA TRIADA,,TABLET,2,
HT44A,I-QA-*118,HAGHIA TRIADA,,TABLET,0,
HT47A,KU-PA3-NA-TU,HAGHIA TRIADA,HT SCRIBE 14,TABLET,4,
HT49A,RA2-DU,HAGHIA TRIADA,,TABLET,3,
HT49A,SU-KI,HAGHIA TRIADA,,TABLET,14,
HT49A,TI-DU-NI,HAGHIA TRIADA,,TABLET,19,
HT49A,A-RU,HAGHIA TRIADA,,TABLET,27,
HT49A,KU-PA3-NU,HAGHIA TRIADA,,TABLET,36,
HT49A,TU-SU-PU2,HAGHIA TRIADA,,TABLET,39,
HT52A,SA-MA,HAGHIA TRIADA,HT SCRIBE 23,TABLET,0,
HT54A,KI-MI-RA2,HAGHIA TRIADA,,TABLET,6,
HT55A,MA-RE,HAGHIA TRIADA,,TABLET,3,
HT55A,SI-RU,HAGHIA TRIADA,,TABLET,9,
HT58,QE-TI-RA-DU,HAGHIA TRIADA,HT SCRIBE 8,TABLET,0,
HT62+73,SA-RA,HAGHIA TRIADA,,TABLET,0,
HT62+73,KA-KU,HAGHIA TRIADA,,TABLET,12,
HT62+73,*28B-TI,HAGHIA TRIADA,,TABLET,17,
HT62+73,PA-I-KI,HAGHIA TRIADA,,TABLET,45,
HT62+73,SA-RO-QE,HAGHIA TRIADA,,TABLET,49,
HT63,KA-TI,HAGHIA TRIADA,HT SCRIBE 23,TABLET,5,
HT63,SU-PU2,HAGHIA TRIADA,HT SCRIBE 23,TABLET,8,
HT70,QA-*118-SA,HAGHIA TRIADA,,TABLET,5,
HT78,MU-*312,HAGHIA TRIADA,,TABLET,4,
HT79+83,DA-PA3,HAGHIA TRIADA,,TABLET,7,
HT79+83,TU-PA-RI,HAGHIA TRIADA,,TABLET,9,
HT79+83,KU-NI,HAGHIA TRIADA,,TABLET,16,
HT81,A-SE,HAGHIA TRIADA,,TABLET,0,
HT84,*21F-JA-DU,HAGHIA TRIADA,,TABLET,0,
HT85A,A-DU,HAGHIA TRIADA,HT SCRIBE 9,TABLET,0,
HT85A,DA-RI-DA,HAGHIA TRIADA,HT SCRIBE 9,TABLET,7,
HT85A,PA3-NI,HAGHIA TRIADA,HT SCRIBE 9,TABLET,10,
HT85A,U-*325-ZA,HAGHIA TRIADA,HT SCRIBE 9,TABLET,13,
HT85A,DA-SI-*118,HAGHIA TRIADA,HT SCRIBE 9,TABLET,16,
HT85A,KU-ZU-NI,HAGHIA TRIADA,HT SCRIBE 9,TABLET,19,
HT85A,TE-KE,HAGHIA TRIADA,HT SCRIBE 9,TABLET,22,
HT85A,DA-RE,HAGHIA TRIADA,HT SCRIBE 9,TABLET,25,
HT85B,KI-KI-RA-JA,HAGHIA TRIADA,HT SCRIBE 9,TABLET,0,
HT85B,KI-RE-TA2,HAGHIA TRIADA,HT SCRIBE 9,TABLET,3,
HT85B,QE-KA,HAGHIA TRIADA,HT SCRIBE 9,TABLET,6,
HT85B,ME-ZA,HAGHIA TRIADA,HT SCRIBE 9,TABLET,21,
HT85B,RE-DI-SE,HAGHIA TRIADA,HT SCRIBE 9,TABLET,24,
HT85B,WA-DU-NI-MI,HAGHIA TRIADA,HT SCRIBE 9,TABLET,27,
HT85B,MA-DI,HAGHIA TRIADA,HT SCRIBE 9,TABLET,30,
HT85B,QA-*310-I,HAGHIA TRIADA,HT SCRIBE 9,TABLET,33,
HT86A,DI-DE-RU,HAGHIA TRIADA,HT SCRIBE 6,TABLET,10,
HT86A,QA-RA2-WA,HAGHIA TRIADA,HT SCRIBE 6,TABLET,13,
HT86A,A-DU,HAGHIA TRIADA,HT SCRIBE 6,TABLET,18,
HT86A,DA-ME,HAGHIA TRIADA,HT SCRIBE 6,TABLET,21,
HT86A,MI-NU-TE,HAGHIA TRIADA,HT SCRIBE 6,TABLET,25,
HT86B,A-KA-RU,HAGHIA TRIADA,HT SCRIBE 6,TABLET,0,
HT86B,KU-NI-SU,HAGHIA TRIADA,HT SCRIBE 6,TABLET,3,
HT86B,SA-RU,HAGHIA TRIADA,HT SCRIBE 6,TABLET,7,
HT87,*21F-TU-NE,HAGHIA TRIADA,HT SCRIBE 9,TABLET,0,
HT87,MA-KA-RI-TE,HAGHIA TRIADA,HT SCRIBE 9,TABLET,2,
HT87,PI-TA-KE-SI,HAGHIA TRIADA,HT SCRIBE 9,TABLET,5,
HT87,JA-RE-MI,HAGHIA TRIADA,HT SCRIBE 9,TABLET,8,
HT87,DI-KI-SE,HAGHIA TRIADA,HT SCRIBE 9,TABLET,11,
HT87,QE-SU-PU,HAGHIA TRIADA,HT SCRIBE 9,TABLET,14,
HT87,KU-RU-KU,HAGHIA TRIADA,HT SCRIBE 9,TABLET,17,
HT88,A-DU,HAGHIA TRIADA,HT SCRIBE 7,TABLET,0,
HT88,RE-ZA,HAGHIA TRIADA,HT SCRIBE 7,TABLET,4,
HT88,KI-KI-NA,HAGHIA TRIADA,HT SCRIBE 7,TABLET,9,
HT88,KI-RO,HAGHIA TRIADA,HT SCRIBE 7,TABLET,12,
HT88,KU-PA3-PA3,HAGHIA TRIADA,HT SCRIBE 7,TABLET,15,
HT88,KA-JU,HAGHIA TRIADA,HT SCRIBE 7,TABLET,18,
HT88,KU-PA3-NU,HAGHIA TRIADA,HT SCRIBE 7,TABLET,21,
HT88,PA-JA-RE,HAGHIA TRIADA,HT SCRIBE 7,TABLET,24,onomastic
HT88,SA-MA-RO,HAGHIA TRIADA,HT SCRIBE 7,TABLET,27,onomastic_or_designation
HT88,DA-TA-RE,HAGHIA TRIADA,HT SCRIBE 7,TABLET,30,
HT88,KU-RO,HAGHIA TRIADA,HT SCRIBE 7,TABLET,33,
HT89,A-SA-RA2,HAGHIA TRIADA,HT SCRIBE 2,TABLET,0,
HT89,MA-I-MI,HAGHIA TRIADA,HT SCRIBE 2,TABLET,10,
HT89,TA-RA,HAGHIA TRIADA,HT SCRIBE 2,TABLET,16,
HT89,KU-RO,HAGHIA TRIADA,HT SCRIBE 2,TABLET,19,
HT90,I-KU-RI-NA,HAGHIA TRIADA,HT SCRIBE 2,TABLET,0,
HT90,SA-RA2,HAGHIA TRIADA,HT SCRIBE 2,TABLET,2,
HT90,SI-RU-MA-RI-TA2,HAGHIA TRIADA,HT SCRIBE 2,TABLET,12,
HT91,I-KA,HAGHIA TRIADA,HT SCRIBE 15,TABLET,0,
HT91,TE-RI,HAGHIA TRIADA,HT SCRIBE 15,TABLET,32,
HT92,A-DU,HAGHIA TRIADA,HT SCRIBE 2,TABLET,3,
HT93A,PA3-NI-NA,HAGHIA TRIADA,HT SCRIBE 5,TABLET,0,
HT93A,DI-RI-NA,HAGHIA TRIADA,HT SCRIBE 5,TABLET,7,
HT93A,KI-DI-NI,HAGHIA TRIADA,HT SCRIBE 5,TABLET,13,
HT93A,A-SE,HAGHIA TRIADA,HT SCRIBE 5,TABLET,17,
HT93A,SA-RA2,HAGHIA TRIADA,HT SCRIBE 5,TABLET,23,
HT93A,QA-QA-RU,HAGHIA TRIADA,HT SCRIBE 5,TABLET,26,
HT93A,DE-JU-KU,HAGHIA TRIADA,HT SCRIBE 5,TABLET,34,
HT93A,DA-RI-DA,HAGHIA TRIADA,HT SCRIBE 5,TABLET,42,
HT93A,PA3-NI-NA,HAGHIA TRIADA,HT SCRIBE 5,TABLET,49,
HT94A,KA-PA,HAGHIA TRIADA,HT SCRIBE 9,TABLET,0,
HT94A,KU-RO,HAGHIA TRIADA,HT SCRIBE 9,TABLET,16,
HT94A,SA-RA2,HAGHIA TRIADA,HT SCRIBE 9,TABLET,19,
HT94A,*318-*306,HAGHIA TRIADA,HT SCRIBE 9,TABLET,29,
HT94B,KI-RO,HAGHIA TRIADA,HT SCRIBE 9,TABLET,0,
HT94B,TU-MA,HAGHIA TRIADA,HT SCRIBE 9,TABLET,3,
HT94B,PA-TA-NE,HAGHIA TRIADA,HT SCRIBE 9,TABLET,6,
HT94B,DE-DI,HAGHIA TRIADA,HT SCRIBE 9,TABLET,9,
HT94B,KE-KI-RU,HAGHIA TRIADA,HT SCRIBE 9,TABLET,12,
HT94B,SA-RU,HAGHIA TRIADA,HT SCRIBE 9,TABLET,15,
HT94B,KU-RO,HAGHIA TRIADA,HT SCRIBE 9,TABLET,18,
HT94B,*21F-TU,HAGHIA TRIADA,HT SCRIBE 9,TABLET,29,
HT95A,DA-DU-MA-TA,HAGHIA TRIADA,,TABLET,0,
HT95A,DA-ME,HAGHIA TRIADA,,TABLET,4,
HT95A,MI-NU-TE,HAGHIA TRIADA,,TABLET,7,
HT95A,SA-RU,HAGHIA TRIADA,,TABLET,10,
HT95A,KU-NI-SU,HAGHIA TRIADA,,TABLET,13,
HT95A,DI-DE-RU,HAGHIA TRIADA,,TABLET,16,
HT95A,QE-RA2-U,HAGHIA TRIADA,,TABLET,19,
HT95B,A-DU,HAGHIA TRIADA,,TABLET,0,
HT95B,SA-RU,HAGHIA TRIADA,,TABLET,3,
HT95B,DA-ME,HAGHIA TRIADA,,TABLET,10,
HT95B,MI-NU-TE,HAGHIA TRIADA,,TABLET,13,
HT95B,KU-NI-SU,HAGHIA TRIADA,,TABLET,16,
HT95B,DI-DE-RU,HAGHIA TRIADA,,TABLET,19,
HT95B,QE-RA2-U,HAGHIA TRIADA,,TABLET,22,
HT96A,I-TI-TI-KU-NI,HAGHIA TRIADA,HT SCRIBE 8,TABLET,0,
HT96A,A-PA-RA-NE,HAGHIA TRIADA,HT SCRIBE 8,TABLET,2,
HT96A,SI-MI-TA,HAGHIA TRIADA,HT SCRIBE 8,TABLET,7,
HT96A,RU-SA,HAGHIA TRIADA,HT SCRIBE 8,TABLET,11,
HT96A,*323-*317,HAGHIA TRIADA,HT SCRIBE 8,TABLET,14,
HT96A,PI-TA-RA,HAGHIA TRIADA,HT SCRIBE 8,TABLET,17,
HT96A,*323-*344,HAGHIA TRIADA,HT SCRIBE 8,TABLET,21,
HT96A,TE-NI,HAGHIA TRIADA,HT SCRIBE 8,TABLET,29,
HT96B,A-PA-RA-NE,HAGHIA TRIADA,HT SCRIBE 8,TABLET,0,
HT96B,QA-*118-RA-RE,HAGHIA TRIADA,HT SCRIBE 8,TABLET,3,
HT97A,KA-RU,HAGHIA TRIADA,HT SCRIBE 7,TABLET,0,
HT97A,KA-NU-TI,HAGHIA TRIADA,HT SCRIBE 7,TABLET,10,
HT97A,PA-I-TO,HAGHIA TRIADA,HT SCRIBE 7,TABLET,13,
HT97A,NA-TI,HAGHIA TRIADA,HT SCRIBE 7,TABLET,19,
HT97A,MA-DI,HAGHIA TRIADA,HT SCRIBE 7,TABLET,22,
HT97A,TA-TI,HAGHIA TRIADA,HT SCRIBE 7,TABLET,34,
HT97B,SA-RA2,HAGHIA TRIADA,HT SCRIBE 7,TABLET,0,
HT98A,TA-NA-TI,HAGHIA TRIADA,,TABLET,8,
HT98A,DI-RE-DI-NA,HAGHIA TRIADA,,TABLET,11,
HT98A,TE-*301,HAGHIA TRIADA,,TABLET,14,
HT98A,RO-KE,HAGHIA TRIADA,,TABLET,17,
HT98A,KA-RI-*310-I,HAGHIA TRIADA,,TABLET,20,
HT98B,DA-RU-NE-TE,HAGHIA TRIADA,,TABLET,7,
HT99A,A-DU,HAGHIA TRIADA,HT SCRIBE 2,TABLET,0,
HT99A,SA-RA2,HAGHIA TRIADA,HT SCRIBE 2,TABLET,3,
HT99B,DA-SI-*118,HAGHIA TRIADA,HT SCRIBE 2,TABLET,3,
HT99B,ZU-DU,HAGHIA TRIADA,HT SCRIBE 2,TABLET,6,
HT99B,RU-MA-TA,HAGHIA TRIADA,HT SCRIBE 2,TABLET,9,
HT100,KU-RO,HAGHIA TRIADA,,TABLET,18,
HT100,SA-RA2,HAGHIA TRIADA,,TABLET,21,
HT101,ZU-*22F-DI,HAGHIA TRIADA,HT SCRIBE 2,TABLET,0,
HT101,SA-RA2,HAGHIA TRIADA,HT SCRIBE 2,TABLET,13,
HT101,KU-PA3,HAGHIA TRIADA,HT SCRIBE 2,TABLET,23,
HT102,KA-PA,HAGHIA TRIADA,HT SCRIBE 5,TABLET,0,
HT102,SA-RA2,HAGHIA TRIADA,HT SCRIBE 5,TABLET,2,
HT102,PA3-NI,HAGHIA TRIADA,HT SCRIBE 5,TABLET,6,
HT102,DI-RI-NA,HAGHIA TRIADA,HT SCRIBE 5,TABLET,14,
HT102,MA-ZU,HAGHIA TRIADA,HT SCRIBE 5,TABLET,17,
HT102,I-KA,HAGHIA TRIADA,HT SCRIBE 5,TABLET,23,
HT102,KU-RO,HAGHIA TRIADA,HT SCRIBE 5,TABLET,26,
HT103,U-TA2,HAGHIA TRIADA,HT SCRIBE 3,TABLET,0,
HT103,DA-KU-NA,HAGHIA TRIADA,HT SCRIBE 3,TABLET,14,
HT103,DA-KU-SE-NE,HAGHIA TRIADA,HT SCRIBE 3,TABLET,17,
HT103,KI-RA,HAGHIA TRIADA,HT SCRIBE 3,TABLET,20,
HT104,TA-PA,HAGHIA TRIADA,HT SCRIBE 5,TABLET,0,
HT104,DA-KU-SE-NE-TI,HAGHIA TRIADA,HT SCRIBE 5,TABLET,5,
HT104,I-DU-TI,HAGHIA TRIADA,HT SCRIBE 5,TABLET,9,
HT104,PA-DA-SU-TI,HAGHIA TRIADA,HT SCRIBE 5,TABLET,13,
HT104,KU-RO,HAGHIA TRIADA,HT SCRIBE 5,TABLET,16,
HT105,SA-RA2,HAGHIA TRIADA,,TABLET,7,
HT106,MI-NU-TE,HAGHIA TRIADA,HT SCRIBE 19,TABLET,0,
HT108,KI-RE-TA-NA,HAGHIA TRIADA,HT SCRIBE 2,TABLET,0,
HT108,DI-NA-RO,HAGHIA TRIADA,HT SCRIBE 2,TABLET,9,
HT108,DU-SU-NI,HAGHIA TRIADA,HT SCRIBE 2,TABLET,12,
HT108,RA2-TI,HAGHIA TRIADA,HT SCRIBE 2,TABLET,16,
HT109,KU-RO,HAGHIA TRIADA,HT SCRIBE 7,TABLET,10,
HT109,A-RA-JU,HAGHIA TRIADA,HT SCRIBE 7,TABLET,13,
HT110A,SI-DU-*34-KU-MI,HAGHIA TRIADA,,TABLET,0,
HT110A,KU-PA,HAGHIA TRIADA,,TABLET,4,
HT110A,KU-RO,HAGHIA TRIADA,,TABLET,7,
HT111A,QA-RU,HAGHIA TRIADA,,TABLET,9,
HT111B,SA-DI,HAGHIA TRIADA,,TABLET,4,
HT114A,KI-RI-TA2,HAGHIA TRIADA,HT SCRIBE 4,TABLET,0,
HT114A,SA-RA2,HAGHIA TRIADA,HT SCRIBE 4,TABLET,2,
HT115A,*47-NU-RA-JA,HAGHIA TRIADA,HT SCRIBE 8,TABLET,0,
HT115A,RI-TA-MA-NU-WI,HAGHIA TRIADA,HT SCRIBE 8,TABLET,6,
HT115A,NA-*21F-NE-MI-NA,HAGHIA TRIADA,HT SCRIBE 8,TABLET,11,
HT115A,SE-KU-TU,HAGHIA TRIADA,HT SCRIBE 8,TABLET,14,
HT115A,PA-RA-NE,HAGHIA TRIADA,HT SCRIBE 8,TABLET,17,onomastic
HT115A,A-SE-JA,HAGHIA TRIADA,HT SCRIBE 8,TABLET,20,
HT115A,KA-PO-RU,HAGHIA TRIADA,HT SCRIBE 8,TABLET,23,
HT115B,PA-RA-NE,HAGHIA TRIADA,HT SCRIBE 8,TABLET,2,onomastic
HT115B,TI-NU-JA,HAGHIA TRIADA,HT SCRIBE 8,TABLET,5,
HT115B,NU-WI,HAGHIA TRIADA,HT SCRIBE 8,TABLET,7,
HT115B,DU-PA3-NA,HAGHIA TRIADA,HT SCRIBE 8,TABLET,12,
HT115B,KU-RU-MA,HAGHIA TRIADA,HT SCRIBE 8,TABLET,15,
HT115B,*306-TU-JA,HAGHIA TRIADA,HT SCRIBE 8,TABLET,20,designation_or_onomastic
HT116A,U-TA-RO,HAGHIA TRIADA,,TABLET,0,
HT116A,KU-PA-JA,HAGHIA TRIADA,,TABLET,5,
HT116A,PU-RA2,HAGHIA TRIADA,,TABLET,9,
HT116A,PI-*34-TE,HAGHIA TRIADA,,TABLET,30,
HT116A,SI-KI-NE,HAGHIA TRIADA,,TABLET,43,
HT116A,QA-NU-MA,HAGHIA TRIADA,,TABLET,50,
HT116B,KU-RO,HAGHIA TRIADA,,TABLET,0,
HT117A,MA-KA-RI-TE,HAGHIA TRIADA,HT SCRIBE 9,TABLET,0,
HT117A,KI-RO,HAGHIA TRIADA,HT SCRIBE 9,TABLET,2,
HT117A,U-MI-NA-SI,HAGHIA TRIADA,HT SCRIBE 9,TABLET,4,
HT117A,U-SU,HAGHIA TRIADA,HT SCRIBE 9,TABLET,7,
HT117A,MI-TU,HAGHIA TRIADA,HT SCRIBE 9,TABLET,10,
HT117A,KU-RA-MU,HAGHIA TRIADA,HT SCRIBE 9,TABLET,13,
HT117A,MA-RU,HAGHIA TRIADA,HT SCRIBE 9,TABLET,16,
HT117A,KU-PA3-NU,HAGHIA TRIADA,HT SCRIBE 9,TABLET,19,
HT117A,TU-JU-MA,HAGHIA TRIADA,HT SCRIBE 9,TABLET,22,
HT117A,U-DI-MI,HAGHIA TRIADA,HT SCRIBE 9,TABLET,25,
HT117A,MI-RU-TA-RA-RE,HAGHIA TRIADA,HT SCRIBE 9,TABLET,28,
HT117A,TE-JA-RE,HAGHIA TRIADA,HT SCRIBE 9,TABLET,31,onomastic
HT117A,NA-DA-RE,HAGHIA TRIADA,HT SCRIBE 9,TABLET,34,
HT117A,KU-RO,HAGHIA TRIADA,HT SCRIBE 9,TABLET,37,
HT117A,SA-TA,HAGHIA TRIADA,HT SCRIBE 9,TABLET,42,
HT117A,KU-KU-DA-RA,HAGHIA TRIADA,HT SCRIBE 9,TABLET,45,
HT117A,KO-SA-I-TI,HAGHIA TRIADA,HT SCRIBE 9,TABLET,48,
HT117A,DA-MI-NU,HAGHIA TRIADA,HT SCRIBE 9,TABLET,51,
HT117A,DA-NE-KU-TI,HAGHIA TRIADA,HT SCRIBE 9,TABLET,54,
HT117A,KI-DA-RO,HAGHIA TRIADA,HT SCRIBE 9,TABLET,57,
HT117B,*21F-TU-NE,HAGHIA TRIADA,HT SCRIBE 9,TABLET,0,
HT117B,KU-RE-JU,HAGHIA TRIADA,HT SCRIBE 9,TABLET,3,
HT117B,DI-KI-SE,HAGHIA TRIADA,HT SCRIBE 9,TABLET,6,
HT118,MA-DI,HAGHIA TRIADA,HT SCRIBE 3,TABLET,5,
HT118,QA-QA-RU,HAGHIA TRIADA,HT SCRIBE 3,TABLET,11,
HT118,A-RI-SU,HAGHIA TRIADA,HT SCRIBE 3,TABLET,17,
HT118,RI-RU-MA,HAGHIA TRIADA,HT SCRIBE 3,TABLET,23,
HT118,KU-RO,HAGHIA TRIADA,HT SCRIBE 3,TABLET,26,
HT119,RI-MI-SI,HAGHIA TRIADA,HT SCRIBE 9,TABLET,6,
HT119,KO-JA,HAGHIA TRIADA,HT SCRIBE 9,TABLET,9,
HT119,KU-PA3-NA-TU,HAGHIA TRIADA,HT SCRIBE 9,TABLET,12,
HT119,JA-*345,HAGHIA TRIADA,HT SCRIBE 9,TABLET,18,
HT119,*306-TU,HAGHIA TRIADA,HT SCRIBE 9,TABLET,21,designation_or_onomastic
HT119,*327-JU,HAGHIA TRIADA,HT SCRIBE 9,TABLET,24,
HT119,KU-RO,HAGHIA TRIADA,HT SCRIBE 9,TABLET,27,
HT120,DA-QE-RA,HAGHIA TRIADA,HT SCRIBE 6,TABLET,0,
HT120,DA-ME,HAGHIA TRIADA,HT SCRIBE 6,TABLET,3,
HT120,DA-U-*49,HAGHIA TRIADA,HT SCRIBE 6,TABLET,11,
HT120,KI-RE-TA-NA,HAGHIA TRIADA,HT SCRIBE 6,TABLET,16,
HT120,PA-I-TO,HAGHIA TRIADA,HT SCRIBE 6,TABLET,23,
HT121,KI-RI-TA2,HAGHIA TRIADA,HT SCRIBE 4,TABLET,0,
HT121,SA-RA2,HAGHIA TRIADA,HT SCRIBE 4,TABLET,4,
HT122A,U-DE-ZA,HAGHIA TRIADA,HT SCRIBE 9,TABLET,2,
HT122A,DA-SI-*118,HAGHIA TRIADA,HT SCRIBE 9,TABLET,7,
HT122A,TE-KI,HAGHIA TRIADA,HT SCRIBE 9,TABLET,16,
HT122A,QA-*310-I,HAGHIA TRIADA,HT SCRIBE 9,TABLET,19,
HT122A,JA-MI-DA-RE,HAGHIA TRIADA,HT SCRIBE 9,TABLET,22,
HT122A,SI-DA-RE,HAGHIA TRIADA,HT SCRIBE 9,TABLET,25,
HT122A,*324-DI-RA,HAGHIA TRIADA,HT SCRIBE 9,TABLET,28,
HT122A,PA-DE,HAGHIA TRIADA,HT SCRIBE 9,TABLET,31,
HT122A,KU-PA3-NU,HAGHIA TRIADA,HT SCRIBE 9,TABLET,34,
HT122A,PA-TA-NE,HAGHIA TRIADA,HT SCRIBE 9,TABLET,37,
HT122A,*306-TU,HAGHIA TRIADA,HT SCRIBE 9,TABLET,40,designation_or_onomastic
HT122A,KU-PA3-NU,HAGHIA TRIADA,HT SCRIBE 9,TABLET,46,
HT122A,DA-RI-DA,HAGHIA TRIADA,HT SCRIBE 9,TABLET,49,
HT122A,KU-RO,HAGHIA TRIADA,HT SCRIBE 9,TABLET,52,
HT122A,KU-DA,HAGHIA TRIADA,HT SCRIBE 9,TABLET,55,
HT122B,JE-DI,HAGHIA TRIADA,HT SCRIBE 9,TABLET,0,
HT122B,*306-KI-TA2,HAGHIA TRIADA,HT SCRIBE 9,TABLET,6,
HT122B,QA-QA-RU,HAGHIA TRIADA,HT SCRIBE 9,TABLET,12,
HT122B,DA-RE,HAGHIA TRIADA,HT SCRIBE 9,TABLET,18,
HT122B,KU-RO,HAGHIA TRIADA,HT SCRIBE 9,TABLET,21,
HT122B,PO-TO-KU-RO,HAGHIA TRIADA,HT SCRIBE 9,TABLET,24,
HT123+124A,KI-TA-I,HAGHIA TRIADA,HT SCRIBE 6,TABLET,0,
HT123+124A,KI-RO,HAGHIA TRIADA,HT SCRIBE 6,TABLET,22,
HT123+124A,SA-RU,HAGHIA TRIADA,HT SCRIBE 6,TABLET,25,
HT123+124A,KI-RO,HAGHIA TRIADA,HT SCRIBE 6,TABLET,33,
HT123+124A,DA-TU,HAGHIA TRIADA,HT SCRIBE 6,TABLET,36,
HT123+124A,KI-RO,HAGHIA TRIADA,HT SCRIBE 6,TABLET,44,
HT123+124A,KU-RO,HAGHIA TRIADA,HT SCRIBE 6,TABLET,55,
HT123+124A,KI-RO,HAGHIA TRIADA,HT SCRIBE 6,TABLET,59,
HT123+124B,*188-*308,HAGHIA TRIADA,HT SCRIBE 6,TABLET,0,
HT123+124B,TI-DA-TA,HAGHIA TRIADA,HT SCRIBE 6,TABLET,7,
HT123+124B,PI-SA,HAGHIA TRIADA,HT SCRIBE 6,TABLET,10,
HT123+124B,*188-DU,HAGHIA TRIADA,HT SCRIBE 6,TABLET,16,
HT123+124B,TU-PA-DI-DA,HAGHIA TRIADA,HT SCRIBE 6,TABLET,20,
HT123+124B,DU-MA-I-NA,HAGHIA TRIADA,HT SCRIBE 6,TABLET,28,
HT123+124B,KU-RO,HAGHIA TRIADA,HT SCRIBE 6,TABLET,31,
HT123+124B,KI-RO,HAGHIA TRIADA,HT SCRIBE 6,TABLET,34,
HT125A,SA-RA2,HAGHIA TRIADA,,TABLET,14,
HT125B,RE-TA2,HAGHIA TRIADA,,TABLET,6,
HT126A,DA-NA-SI,HAGHIA TRIADA,,TABLET,0,
HT126A,SI-DI-JA,HAGHIA TRIADA,,TABLET,13,
HT126A,U-*49,HAGHIA TRIADA,,TABLET,16,
HT127B,KU-RO,HAGHIA TRIADA,,TABLET,7,
HT127B,KU-RO,HAGHIA TRIADA,,TABLET,26,
HT128A,PA-RA,HAGHIA TRIADA,HT SCRIBE 9,TABLET,3,
HT128A,TU-RU-NU-SE-ME,HAGHIA TRIADA,HT SCRIBE 9,TABLET,5,
HT128A,WA-TU-MA-RE,HAGHIA TRIADA,HT SCRIBE 9,TABLET,9,
HT129,KI-RE-TA2,HAGHIA TRIADA,HT SCRIBE 15,TABLET,0,
HT129,TU-*21F-RI-NA,HAGHIA TRIADA,HT SCRIBE 15,TABLET,11,
HT130,SA-RA2,HAGHIA TRIADA,HT SCRIBE 19,TABLET,5,
HT131A,I-QA-*118,HAGHIA TRIADA,,TABLET,9,
HT132,A-SE,HAGHIA TRIADA,HT SCRIBE 9,TABLET,0,
HT132,QA-RE-TO,HAGHIA TRIADA,HT SCRIBE 9,TABLET,5,
HT133,A-DU,HAGHIA TRIADA,HT SCRIBE 22,TABLET,0,
HT135A,NA-*21F-NE,HAGHIA TRIADA,HT SCRIBE 9,TABLET,12,
HT139,KA-RA2,HAGHIA TRIADA,HT SCRIBE 5,TABLET,8,
HT140,*86-SI-NI,HAGHIA TRIADA,HT SCRIBE 8,TABLET,3,
HT140,JE-DI,HAGHIA TRIADA,HT SCRIBE 8,TABLET,7,
HT140,U-*34-SI,HAGHIA TRIADA,HT SCRIBE 8,TABLET,15,
HT140,*86-SI-*118-KA,HAGHIA TRIADA,HT SCRIBE 8,TABLET,18,
HT140,KA-PA,HAGHIA TRIADA,HT SCRIBE 8,TABLET,44,
HT146,RI-*305,HAGHIA TRIADA,,TABLET,5,
HT146,RI-KA-TA,HAGHIA TRIADA,,TABLET,11,
HT154JA,NU-TE,HAGHIA TRIADA,,TABLET,4,
HTWA1001,DA-KA,HAGHIA TRIADA,HT WA SCRIBE 50,NODULE,0,
HTWA1002,DA-KA,HAGHIA TRIADA,HT WA SCRIBE 50,NODULE,0,
HTWA1003,DA-KA,HAGHIA TRIADA,HT WA SCRIBE 50,NODULE,0,
HTWA1004,DA-KA,HAGHIA TRIADA,HT WA SCRIBE 50,NODULE,0,
HTWA1005,DA-KA,HAGHIA TRIADA,HT WA SCRIBE 51,NODULE,0,
HTWA1006,I-RA2,HAGHIA TRIADA,HT WA SCRIBE 52,NODULE,0,
HTWA1007,I-RA2,HAGHIA TRIADA,,NODULE,0,
HTWA1008,I-RA2,HAGHIA TRIADA,HT WA SCRIBE 53,NODULE,0,
HTWA1009,I-RA2,HAGHIA TRIADA,HT WA SCRIBE 53,NODULE,0,
HTWA1010,I-RA2,HAGHIA TRIADA,HT WA SCRIBE 53,NODULE,0,
HTWA1011,I-RA2,HAGHIA TRIADA,HT WA SCRIBE 52,NODULE,0,
HTWA1012,I-RA2,HAGHIA TRIADA,HT WA SCRIBE 52,NODULE,0,
HTWA1013,I-RA2,HAGHIA TRIADA,HT WA SCRIBE 53,NODULE,0,
HTWA1014,SI-KA,HAGHIA TRIADA,HT WA SCRIBE 54,NODULE,0,
HTWA1015,SI-KA,HAGHIA TRIADA,HT WA SCRIBE 54,NODULE,0,
HTWA1016,SI-KA,HAGHIA TRIADA,,NODULE,0,
HTWA1017,SI-KA,HAGHIA TRIADA,HT WA SCRIBE 51,NODULE,0,
HTWA1018,SI-KA,HAGHIA TRIADA,HT WA SCRIBE 54,NODULE,0,
HTWA1019,PA-TA-NE,HAGHIA TRIADA,,NODULE,0,
HTWA1019,SI-TU,HAGHIA TRIADA,,NODULE,2,
HTWA1020,JE-TA-NA,HAGHIA TRIADA,,NODULE,4,
HTWA1021,*188-DU,HAGHIA TRIADA,,NODULE,0,
HTWA1025,*905-*301,HAGHIA TRIADA,HT WA SCRIBE 57,NODULE,0,
HTWA1026,E-*301,HAGHIA TRIADA,,NODULE,0,
HTWA1027,KA-SI,HAGHIA TRIADA,,NODULE,0,
HTWA1028,SI-KA,HAGHIA TRIADA,,NODULE,0,
HTWA1029,*301-*301,HAGHIA TRIADA,,NODULE,0,
HTWA1030,*301-*301,HAGHIA TRIADA,HT WA SCRIBE 58,NODULE,0,
HTWC3001,PA-SE-JA,HAGHIA TRIADA,HT WA SCRIBE 10,ROUNDEL,0,
HTWC3002,PA-SE-JA,HAGHIA TRIADA,HT WA SCRIBE 10,ROUNDEL,0,
HTWC3003,KA-RE-RO,HAGHIA TRIADA,,ROUNDEL,0,
HTWC3004,TA-NI-KA,HAGHIA TRIADA,HT WC SCRIBE 10,ROUNDEL,0,
HTWC3005,TA-NI-KA,HAGHIA TRIADA,HT WC SCRIBE 10,ROUNDEL,0,
HTWC3006,WA-O-MI,HAGHIA TRIADA,,ROUNDEL,0,
HTWC3006,RA-*314-RA,HAGHIA TRIADA,,ROUNDEL,1,
HTWC3007,WA-DI-NI,HAGHIA TRIADA,HT WC SCRIBE 10,ROUNDEL,0,
HTWC3008,WA-DI-NI,HAGHIA TRIADA,HT WC SCRIBE 10,ROUNDEL,0,
HTWC3008,RU-JA-TA-DI,HAGHIA TRIADA,HT WC SCRIBE 10,ROUNDEL,1,
HTWC3009,*333-DI-SU-KA,HAGHIA TRIADA,HT WC SCRIBE 10,ROUNDEL,0,
HTWC3010,*333-DI-NA-SU-KA,HAGHIA TRIADA,HT WC SCRIBE 10,ROUNDEL,0,
HTWC3011,ZU-DI-RA,HAGHIA TRIADA,HT WC SCRIBE 11,ROUNDEL,0,
HTWC3012,ZU-DI-RA,HAGHIA TRIADA,HT WC SCRIBE 11,ROUNDEL,0,
HTWC3012,RE-RO,HAGHIA TRIADA,HT WC SCRIBE 11,ROUNDEL,1,
HTWC3014,KU-MI-NA-QE,HAGHIA TRIADA,,ROUNDEL,0,
HTWC3015,KA-KU-PA,HAGHIA TRIADA,,ROUNDEL,0,
HTWC3016,KA-KU-PA,HAGHIA TRIADA,HT WC SCRIBE 11,ROUNDEL,0,
HTWC3017,QA-KU-RE,HAGHIA TRIADA,,ROUNDEL,0,
HTWC3017,DI-*306,HAGHIA TRIADA,,ROUNDEL,2,
HTWC3024,A-RA-TU-ME,HAGHIA TRIADA,,ROUNDEL,0,
HTWEWC3020,*188-DU,HAGHIA TRIADA,HT WC SCRIBE 11,ROUNDEL,0,
HTZB158B,SU-KI-RI-TE-I-JA,HAGHIA TRIADA,,CLAY VESSEL,0,
HTZB160,PA-TA-DA-DU-PU2-RE,HAGHIA TRIADA,,CLAY VESSEL,0,
HTZD155,A-JU,HAGHIA TRIADA,,GRAFFITO,0,
HTZD155,NA-MA-MA-TI-TI-*904,HAGHIA TRIADA,,GRAFFITO,2,
HTZD157+156,WI-JA-SU-MA-TI-TI,HAGHIA TRIADA,,GRAFFITO,0,
HTZD157+156,TA-JA,HAGHIA TRIADA,,GRAFFITO,16,
IOZA<1>,A-JE-SA,IOUKTAS,,STONE VESSEL,0,
IOZA2,A-TA-I-*301-WA-JA,IOUKTAS,,STONE VESSEL,0,
IOZA2,JA-DI-KI-TU,IOUKTAS,,STONE VESSEL,2,
IOZA2,JA-SA-SA-RA-ME,IOUKTAS,,STONE VESSEL,4,
IOZA2,U-NA-KA-NA-SI,IOUKTAS,,STONE VESSEL,6,
IOZA2,SI-RU-TE,IOUKTAS,,STONE VESSEL,11,
IOZA2,TA-NA-RA-TE-U-TI-NU,IOUKTAS,,STONE VESSEL,13,
IOZA3,A-TA-I-*301-WA-JA,IOUKTAS,,STONE VESSEL,1,
IOZA6,TA-NA-I-*301-U-TI-NU,IOUKTAS,,STONE VESSEL,0,
IOZA6,I-NA-TA-I-ZU-DI-SI-KA,IOUKTAS,,STONE VESSEL,2,
IOZA6,JA-SA-SA-RA-ME,IOUKTAS,,STONE VESSEL,4,
IOZA7,A-TA-I-*301-WA-JA,IOUKTAS,,STONE VESSEL,0,
IOZA9,JA-SA-SA-RA-ME,IOUKTAS,,STONE VESSEL,0,
IOZA9,U-NA-KA-NA-SI,IOUKTAS,,STONE VESSEL,3,
IOZA14,SI-RU-TE,IOUKTAS,,STONE VESSEL,0,
IOZA15,SI-RU-TE,IOUKTAS,,STONE VESSEL,2,
IOZA16,U-NA-RU-KA-NA-SI,IOUKTAS,,STONE VESSEL,6,
KAZF1,TU-NU,KARDAMOUTSA,,METAL OBJECT,0,
KAMZB1,NU-RO,KAMILARI,,CLAY VESSEL,0,
KEZB4,JA-SI-E,KEA,,CLAY VESSEL,1,
KH5,A-DA-KI-SI-KA,KHANIA,KH SCRIBE 2,TABLET,0,
KH5,A-RA-U-DA,KHANIA,KH SCRIBE 2,TABLET,2,
KH5,WI-SA-SA-NE,KHANIA,KH SCRIBE 2,TABLET,5,
KH5,WI-NA-DU,KHANIA,KH SCRIBE 2,TABLET,12,
KH5,*301-NA,KHANIA,KH SCRIBE 2,TABLET,14,
KH5,KU-PA-ZU,KHANIA,KH SCRIBE 2,TABLET,17,
KH6,RI-TA-JE,KHANIA,KH SCRIBE 2,TABLET,16,
KH6,AU-RE-TE,KHANIA,KH SCRIBE 2,TABLET,43,
KH7A,E-NA-SI,KHANIA,KH SCRIBE 2,TABLET,13,
KH7A,I-JA-PA-ME,KHANIA,KH SCRIBE 2,TABLET,21,
KH7A,TA-TA,KHANIA,KH SCRIBE 2,TABLET,23,
KH7A,QA-TI-KI,KHANIA,KH SCRIBE 2,TABLET,26,
KH7A,SE-*305,KHANIA,KH SCRIBE 2,TABLET,33,
KH7B,U-TA-I-SE,KHANIA,KH SCRIBE 2,TABLET,4,
KH9,A-SI-SU-PO-A,KHANIA,KH SCRIBE 1,TABLET,0,
KH10,I-PA-SA-JA,KHANIA,KH SCRIBE 5,TABLET,10,
KH10,QA-*118,KHANIA,KH SCRIBE 5,TABLET,12,
KH10,A-KI-PI-E-TE,KHANIA,KH SCRIBE 5,TABLET,14,
KH11,A-TO-*349-TO-I,KHANIA,KH SCRIBE 2,TABLET,24,
KH11,A-TA-*350,KHANIA,KH SCRIBE 2,TABLET,34,
KH14,A-MA-JA,KHANIA,KH SCRIBE 1,TABLET,3,
KH20,A-SI-KI-RA,KHANIA,KH SCRIBE 3,TABLET,4,anthroponymic_risk
KH32,I-*331,KHANIA,,TABLET,0,
KH43,*560-RE,KHANIA,,TABLET,0,
KH74,SI-*805-MI,KHANIA,,TABLET,4,
KH88,QA-NU-MA,KHANIA,,TABLET,0,
KH88,*21F-*118,KHANIA,,TABLET,2,
KH88,PU-DE,KHANIA,,TABLET,7,
KH92,A-DA-*21F-RI,KHANIA,,TABLET,0,
KH92,KU-NI-TE,KHANIA,,TABLET,2,
KH94,I-ZA,KHANIA,,TABLET,6,
KH97A,RE-A-JA,KHANIA,,TABLET,0,
KH100,*352-*306,KHANIA,,TABLET,0,
KHWA1013,*86-RO,KHANIA,KH WA SCRIBE 52,NODULE,0,
KHWA1014,*86-RO,KHANIA,,NODULE,0,
KHWA1015,*86-RO,KHANIA,,NODULE,0,
KHWA1016,*86-RO,KHANIA,,NODULE,0,
KHWC2005,KA-NA-NI-TI,KHANIA,,ROUNDEL,0,
KHWC2054,*805-MI,KHANIA,KH WC SCRIBE 56,ROUNDEL,0,
KHWC2055,*805-MI,KHANIA,KH WC SCRIBE 56,ROUNDEL,0,
KHWC2065,*805-*351,KHANIA,,ROUNDEL,0,
KHWC2123,*810-PI-KA,KHANIA,,ROUNDEL,0,
KN1A,JA-KU-TI,KNOSSOS,,TABLET,0,
KN1B,JA-DU-RA-TI,KNOSSOS,,TABLET,0,
KN22B,PO-DI-PA3,KNOSSOS,,LAMES (SHORT THIN TABLET),0,
KN22C,MA-SU-MI,KNOSSOS,,LAMES (SHORT THIN TABLET),0,
KNWC26,RU-JA,KNOSSOS,,ROUNDEL,0,
KNWC26,NI-PI,KNOSSOS,,ROUNDEL,1,
KNZB4,JA-SI,KNOSSOS,,CLAY VESSEL,2,
KNZB5,A-TU-RI-SI-TI,KNOSSOS,,CLAY VESSEL,0,
KNZB20,NA-A-PA3,KNOSSOS,,CLAY VESSEL,0,
KNZB<27>,DI-NA-U,KNOSSOS,,CLAY VESSEL,0,
KNZB35,JA-DI-WI,KNOSSOS,,CLAY VESSEL,0,
KNZB40,A-PA-KI,KNOSSOS,,CLAY VESSEL,0,
KNZB40,U-NA-A,KNOSSOS,,CLAY VESSEL,2,
KNZB52,ZU-RI-NI-MA,KNOSSOS,,CLAY VESSEL,0,
KHZC106,SA-SA-RA-ME,KNOSSOS,,INKED INSCRIPTION,0,
KNZC6,*34-TI-RI-A-DI-DA-KI-TI-PA-KU,KNOSSOS,,INKED INSCRIPTION,0,
KNZC6,NI-JA-NU,KNOSSOS,,INKED INSCRIPTION,3,
KNZC6,JU-KU-NA-PA-KU-NU-U-I-ZU,KNOSSOS,,INKED INSCRIPTION,6,
KNZC7,A-KA-NU-ZA-TI,KNOSSOS,,INKED INSCRIPTION,0,
KNZC7,DU-RA-RE,KNOSSOS,,INKED INSCRIPTION,2,
KNZC7,A-ZU-RA,KNOSSOS,,INKED INSCRIPTION,4,
KNZC7,JA-SA-RA-A-NA-NE,KNOSSOS,,INKED INSCRIPTION,7,
KNZE16,A-PI,KNOSSOS,,ARCHITECTURE,0,
KNZE44,I-WA-JA,KNOSSOS,,ARCHITECTURE,0,
KNZE45,KA-SI-A-TE,KNOSSOS,,ARCHITECTURE,0,
KNZE49,KE-SI-TE,KNOSSOS,,ARCHITECTURE,0,
KNZE56,O-DA,KNOSSOS,,ARCHITECTURE,0,
KNZF13,A-RE-NE-SI-DI-*301-PI-KE-PA-JA-TA-RI-SE-TE-RI-MU-A-JA-KU,KNOSSOS,,METAL OBJECT,0,
KNZF31,SI-SI-ZA-NE-*310,KNOSSOS,,METAL OBJECT,0,
KNZF31,DA-DU-MI-NE,KNOSSOS,,METAL OBJECT,2,
KNZF31,QA-MI-*47-NA-RA,KNOSSOS,,METAL OBJECT,4,
KNZF31,A-WA-PI,KNOSSOS,,METAL OBJECT,6,
KNZF31,TE-SU-DE-SE-KE-I,KNOSSOS,,METAL OBJECT,8,
KNZF31,A-DA-RA,KNOSSOS,,METAL OBJECT,10,
KNZF31,TI-DI-TE-QA-TI,KNOSSOS,,METAL OBJECT,12,
KNZF31,TA-SA-ZA,KNOSSOS,,METAL OBJECT,14,
KNZF31,TA-TE-I-KE-ZA-RE,KNOSSOS,,METAL OBJECT,16,
KNZG55,JA-SA-JA,KNOSSOS,,STONE OBJECT,0,
KOZA1,A-TA-I-*301-WA-JA,KOPHINAS,,STONE VESSEL,0,
KOZA1,TU-RU-SA,KOPHINAS,,STONE VESSEL,2,
KOZA1,DU-*314-RE,KOPHINAS,,STONE VESSEL,4,
KOZA1,I-DA-A,KOPHINAS,,STONE VESSEL,6,
KOZA1,U-NA-KA-NA-SI,KOPHINAS,,STONE VESSEL,9,
KOZA1,I-PI-NA-MA,KOPHINAS,,STONE VESSEL,12,
KOZA1,SI-RU-TE,KOPHINAS,,STONE VESSEL,14,
KO(?)ZF2,A-RA-KO-KU-ZU-WA-SA-TO-MA-RO-AU-TA-DE-PO-NI-ZA,KOPHINAS,,METAL OBJECT,0,
KYZA2,DA-MA-TE,KYTHERA,,STONE VESSEL,0,
LAZB1(BIS),JA-TI-TU-KU,LARANI,,CLAY VESSEL,0,
MA1A,*903-I-DU-WI,MALIA,,3-SIDED BAR,0,
MA1A,QE-DE-MI-NU,MALIA,,3-SIDED BAR,3,
MA1B,A-MA,MALIA,,3-SIDED BAR,0,
MA1B,QE-DE-MI-NU,MALIA,,3-SIDED BAR,4,
MA2B,JA-KU,MALIA,,3-SIDED BAR,6,
MA2C,U-NA-NA,MALIA,,3-SIDED BAR,0,
MA2C,JA-MA-U-TI,MALIA,,3-SIDED BAR,3,
MA4B,A-JA,MALIA,,TABLET,0,
MAWC<5>,A-SA-DA-KA,MALIA,,ROUNDEL,0,
MAZE11,QE-SI-TE,MALIA,,ARCHITECTURE,0,
MIZB1,KI-RU,MILOS,,CLAY VESSEL,0,
MIZB3,RE-TI,MILOS,,CLAY VESSEL,0,
MILZB1,PA3-SI-*47,MILETOS,,CLAY VESSEL,0,
MOZF1,*333-SA-MU,MOKHILOS,,METAL OBJECT,0,
PA1,A-KU-JU-PA-*118,PAPOUROU,,TABLET,0,
PE1,U-KA-RE-A-SE-SI-NA,PETRAS,,TABLET,0,
PE1,KU-PA-RI,PETRAS,,TABLET,2,
PE2,RU-PI-*305-MI,PETRAS,,TABLET,5,
PE2,A-*325-ZA,PETRAS,,TABLET,9,
PE2,A-RI-PA,PETRAS,,TABLET,12,
PE2,QA-QA-DA,PETRAS,,TABLET,15,
PE2,TO-ME,PETRAS,,TABLET,18,
PE2,TO-*49-RE,PETRAS,,TABLET,21,
PEZB7,JA-WA-PI,PETRAS,,CLAY VESSEL,2,
PEZG6,TA-NA-MA-JE,PETRAS,,STONE OBJECT,6,
PH2,A-SE-TU-*21F,PHAISTOS,,TABLET,0,
PH2,RA-O-DI-KI,PHAISTOS,,TABLET,3,
PH2,PI-RU-E-JU,PHAISTOS,,TABLET,6,
PH2,SE-SA-PA3,PHAISTOS,,TABLET,9,
PH3A,PA-RA,PHAISTOS,,TABLET,14,
PH6,I-NA-WA,PHAISTOS,,TABLET,0,
PH6,A-RI,PHAISTOS,,TABLET,3,
PH6,I-ZU-RI-NI-TA,PHAISTOS,,TABLET,5,
PH6,A-RI,PHAISTOS,,TABLET,7,
PH6,I-DA-PA3-I-SA-RI,PHAISTOS,,TABLET,9,
PH9A,*317-QE-*353,PHAISTOS,,TABLET,0,
PH10,*355-E-*354,PHAISTOS,,TABLET,0,
PH13C,TE-ZU,PHAISTOS,,LAMES (SHORT THIN TABLET),0,
PH24,RO-E,PHAISTOS,,TABLET,0,
PH28A,A-PA3,PHAISTOS,,TABLET,2,
PH28A,JA-KI-PA3,PHAISTOS,,TABLET,5,
PH(?)31A,MA-DI,PHAISTOS,,TABLET,8,
PH(?)31A,KU-PA3-NU,PHAISTOS,,TABLET,18,
PH(?)31A,AU-SI-RE,PHAISTOS,,TABLET,19,
PH(?)31A,KU-RO,PHAISTOS,,TABLET,25,
PH(?)31B,NE-*22M,PHAISTOS,,TABLET,14,
PH(?)31B,TE-RI,PHAISTOS,,TABLET,20,
PH(?)31B,RI-RU-MA-TI,PHAISTOS,,TABLET,25,
PH(?)31B,AU-SI-RE,PHAISTOS,,TABLET,28,
PH(?)31B,A-MI-DA-O,PHAISTOS,,TABLET,30,
PHWA32,SU-KI-RI-TA,PHAISTOS,,NODULE,0,
PHWC37,KA-*314-SI,PHAISTOS,,ROUNDEL,0,
PHWC38,*314-TA-MA,PHAISTOS,,ROUNDEL,0,
PHWC39,JA-DI,PHAISTOS,,ROUNDEL,0,
PHWC40,TI-TI-MA,PHAISTOS,,ROUNDEL,0,
PHWC46,*328-E,PHAISTOS,,ROUNDEL,0,
PHWG45,E-TA2-QE,PHAISTOS,,NODULE,0,
PHZB4,SI-MA,PHAISTOS,,CLAY VESSEL,0,
PHZB4,I-JA-TE,PHAISTOS,,CLAY VESSEL,2,
PHZB5,WA-PI-TI-NA-RA2,PHAISTOS,,CLAY VESSEL,0,
PHZB48,QA-*305,PHAISTOS,,CLAY VESSEL,0,
PK1,KA-QA,PALAIKASTRO,,TABLET,5,
PK1,A-DU-ZA,PALAIKASTRO,,TABLET,10,
PK1,TA2-TA-RE,PALAIKASTRO,,TABLET,13,
PK1,TA2-TI-TE,PALAIKASTRO,,TABLET,18,
PK1,O-KA-MI-ZA-SI-I-NA,PALAIKASTRO,,TABLET,21,
PK1,O-TE-JA,PALAIKASTRO,,TABLET,26,
PK1,RA-NA-TU-SU,PALAIKASTRO,,TABLET,31,
PK1,NI-MI,PALAIKASTRO,,TABLET,34,
PK1,TU-SU,PALAIKASTRO,,TABLET,39,
PK1,MA-TI-ZA-I-TE,PALAIKASTRO,,TABLET,42,
PK1,MA-TE-TI,PALAIKASTRO,,TABLET,47,
PK1,MA-KA-I-TA,PALAIKASTRO,,TABLET,50,
PK3,DA-RE,PALAIKASTRO,,4-SIDED BAR,8,
PKZA8,PA3-E,PALAIKASTRO,,STONE VESSEL,2,
PKZA8,JA-DI-KI-TE-TE-*307-PU2-RE,PALAIKASTRO,,STONE VESSEL,4,
PKZA8,TU-ME-I,PALAIKASTRO,,STONE VESSEL,6,
PKZA8,JA-SA-U-NA-KA-NA-SI,PALAIKASTRO,,STONE VESSEL,8,
PKZA10,I-PI-NA-MI-NA,PALAIKASTRO,,STONE VESSEL,2,
PKZA11,A-TA-I-*301-WA-E,PALAIKASTRO,,STONE VESSEL,0,
PKZA11,PI-TE-RI,PALAIKASTRO,,STONE VESSEL,8,
PKZA11,A-KO-A-NE,PALAIKASTRO,,STONE VESSEL,10,
PKZA11,SA-SA-RA-ME,PALAIKASTRO,,STONE VESSEL,14,
PKZA11,U-NA-RU-KA-NA-TI,PALAIKASTRO,,STONE VESSEL,16,
PKZA11,I-NA-JA-PA-QA,PALAIKASTRO,,STONE VESSEL,24,
PKZA12,A-TA-I-*301-WA-JA,PALAIKASTRO,,STONE VESSEL,0,
PKZA12,U-NA-RU-KA-JA-SI,PALAIKASTRO,,STONE VESSEL,11,
PKZA15,JA-DI-KI-TE-TE-DU-PU2-RE,PALAIKASTRO,,STONE VESSEL,0,
PKZA18,I-DA,PALAIKASTRO,,STONE VESSEL,2,
PKZB?,A-PA3-DI,PALAIKASTRO,,CLAY VESSEL,0,
PKZB21,KI-TA-NI-TE,PALAIKASTRO,,CLAY VESSEL,0,
PKZB25,MI-DA-RA,PALAIKASTRO,,CLAY VESSEL,0,
PLZF1,WI-TE-JA-MU,PLATANOS,,METAL OBJECT,2,
PLZF1,U-QE-TI,PLATANOS,,METAL OBJECT,4,
PLZF1,JA-SA-SA-RA-ME,PLATANOS,,METAL OBJECT,6,
PLZF1,TA-NU-NI-KI-NA,PLATANOS,,METAL OBJECT,8,
PLZF1,NI-NU-NI,PLATANOS,,METAL OBJECT,10,
POZC1,RI-QE-TI-A-SA-SA-RA-*325,POROS HERAKLEIOU,,INKED INSCRIPTION,0,
PRZA1,TA-NA-SU-TE-KE,PRASSA,,STONE VESSEL,0,
PRZA1,SE-TO-I-JA,PRASSA,,STONE VESSEL,2,
PRZA1,A-SA-SA-*802-ME,PRASSA,,STONE VESSEL,4,
PSZA2,TA-NA-I-*301-TI,PSYKHRO,PS SCRIBE 1,STONE VESSEL,2,
PSZA2,JA-SA-SA-RA-ME,PSYKHRO,PS SCRIBE 1,STONE VESSEL,6,
PYR1,TI-MA-RU-WI-TE,PYRGOS,,TABLET,0,
SEZF1,DA-KU,SELAKANOS,,METAL OBJECT,0,
SKOZC1,NA-TU-*301-NE,SKOTEINO CAVE,,INKED INSCRIPTION,1,
SKOZC1,QA-KI-TI,SKOTEINO CAVE,,INKED INSCRIPTION,3,
SYZA1,I-DA-MI,SYME,,STONE VESSEL,2,
SYZA2,A-TA-I-*301-WA-JA,SYME,,STONE VESSEL,0,
SYZA2,A-JA,SYME,,STONE VESSEL,7,
SYZA3,A-TA-I-*301-WA-JA,SYME,,STONE VESSEL,0,
SYZA4,A-TA-I-*301-WA-JA,SYME,,STONE VESSEL,0,
SYZA4,JA-I-NWA-ZA,SYME,,STONE VESSEL,2,
SYZA4,PA3-NI-WI,SYME,,STONE VESSEL,4,
SYZA5,JA-WA-PA3,SYME,,STONE VESSEL,2,
SYZA6,DA-SE-RA-TE,SYME,,STONE VESSEL,0,
SYZB7,RA-KI-NI-SE,SYME,,CLAY VESSEL,0,
SYZA8,A-TA-I-*301-WA-JA,SYME,,STONE VESSEL,0,
SYZA9,JA-PA-RA-JA-SE,SYME,,STONE VESSEL,0,
SYZA10,QA-SA-RA-KU,SYME,,STONE VESSEL,0,
TELZB1,WA-TE,TEL HAROR,,CLAY VESSEL,2,
THETAB.5,TE-ME-DA-I,THERA,,TABLET,1,
THEZB2,A-RE-SA-NA,THERA,,CLAY VESSEL,0,
THEZB7,A-JE,THERA,,CLAY VESSEL,0,
THEZB13,KA-A-SI-TE,THERA,,CLAY VESSEL,2,
TIZB1,*301-SI,TIRYNS,,CLAY VESSEL,0,
TLZA1,A-TA-I-*301-WA-JA,TROULLOS,,STONE VESSEL,0,
TLZA1,O-SU-QA-RE,TROULLOS,,STONE VESSEL,2,
TLZA1,JA-SA-SA-RA-ME,TROULLOS,,STONE VESSEL,5,
TLZA1,I-PI-NA-MA,TROULLOS,,STONE VESSEL,9,
TLZA1,SI-RU-TE,TROULLOS,,STONE VESSEL,10,
TROZG1,PI-MI-TA-TI-RA2,TROY,,STONE OBJECT,0,
TROZG2,DU-MI-TA-TI-RA2,TROY,,STONE OBJECT,0,
TY2,*309B-*34-PU-PI,TYLISSOS,,TABLET,0,
TY2,*309B-KI-PU,TYLISSOS,,TABLET,6,
TY2,*309-DA-PU,TYLISSOS,,TABLET,9,
TY2,PA-DA-RU,TYLISSOS,,TABLET,12,
TY2,*309-JU-KI,TYLISSOS,,TABLET,13,
TY2,*309-RI-JU,TYLISSOS,,TABLET,16,
TY2,*309C-DA-JU,TYLISSOS,,TABLET,24,
TY2,*309-RI-WA-JU,TYLISSOS,,TABLET,30,
TY3A,A-DA,TYLISSOS,,TABLET,45,
TY3B,KI-RI-SI,TYLISSOS,,TABLET,0,
TY3B,PI-KU-ZU,TYLISSOS,,TABLET,6,
TYZB4,A-*301-KI-TA-A,TYLISSOS,,CLAY VESSEL,0,
VRYZA1,SI-RU-TE,VRYSINAS,,STONE VESSEL,2,
ZA1A,KI-RE-ZA,ZAKROS,,TABLET,3,
ZA4A,A-TI-RU,ZAKROS,ZA SCRIBE 1,TABLET,14,
ZA4A,JA-PA,ZAKROS,ZA SCRIBE 1,TABLET,17,
ZA4A,QE-SI-ZU-E,ZAKROS,ZA SCRIBE 1,TABLET,24,
ZA4A,*28B-NU-MA-RE,ZAKROS,ZA SCRIBE 1,TABLET,27,
ZA4A,SI-PI-KI,ZAKROS,ZA SCRIBE 1,TABLET,30,
ZA4A,E-*82,ZAKROS,ZA SCRIBE 1,TABLET,33,
ZA4A,KA-DI,ZAKROS,ZA SCRIBE 1,TABLET,36,
ZA5A,*21F-*118,ZAKROS,ZA SCRIBE 1,TABLET,0,
ZA5A,KI-NI-MA,ZAKROS,ZA SCRIBE 1,TABLET,4,
ZA5A,O-TA-NI-ZA-SE,ZAKROS,ZA SCRIBE 1,TABLET,7,
ZA5B,*28B-NU-MA-RE,ZAKROS,ZA SCRIBE 1,TABLET,0,
ZA5B,SI-PI-KI,ZAKROS,ZA SCRIBE 1,TABLET,3,
ZA5B,MA-KA-I-TA,ZAKROS,ZA SCRIBE 1,TABLET,7,
ZA6A,*305-WA-NA,ZAKROS,ZA SCRIBE 1,TABLET,0,
ZA6A,PU2-RA2,ZAKROS,ZA SCRIBE 1,TABLET,20,
ZA6B,I-KU-JU-TI-*28B,ZAKROS,ZA SCRIBE 1,TABLET,0,
ZA6B,*312-TA2,ZAKROS,ZA SCRIBE 1,TABLET,11,
ZA7A,U-JU,ZAKROS,,TABLET,0,
ZA7A,A-RA-TU,ZAKROS,,TABLET,3,
ZA8,KI-RA,ZAKROS,ZA SCRIBE 2,TABLET,0,
ZA8,A-TA-RE,ZAKROS,ZA SCRIBE 2,TABLET,3,
ZA8,KU-TU-KO-RE,ZAKROS,ZA SCRIBE 2,TABLET,8,
ZA8,A-RI-NI-TA,ZAKROS,ZA SCRIBE 2,TABLET,11,
ZA8,TA-I-NU-MA-PA,ZAKROS,ZA SCRIBE 2,TABLET,15,
ZA8,MA-KA-I-SE,ZAKROS,ZA SCRIBE 2,TABLET,18,
ZA8,DA-I-PI-TA,ZAKROS,ZA SCRIBE 2,TABLET,22,
ZA8,KA-I-RO,ZAKROS,ZA SCRIBE 2,TABLET,26,
ZA9,WI-RA-RE-MI-TE,ZAKROS,,TABLET,26,
ZA10A,TA-NA-TE,ZAKROS,ZA SCRIBE 4,TABLET,0,
ZA10A,A-KU-MI-NA,ZAKROS,ZA SCRIBE 4,TABLET,6,
ZA10A,A-TA-NA-TE,ZAKROS,ZA SCRIBE 4,TABLET,9,
ZA10A,A-MI-DA-U,ZAKROS,ZA SCRIBE 4,TABLET,12,
ZA10A,A-DU-KU-MI-NA,ZAKROS,ZA SCRIBE 4,TABLET,15,
ZA10A,DA-I-PI-TA,ZAKROS,ZA SCRIBE 4,TABLET,18,
ZA10A,DU-RE-ZA-SE,ZAKROS,ZA SCRIBE 4,TABLET,21,
ZA10B,WA-*362,ZAKROS,ZA SCRIBE 4,TABLET,0,
ZA10B,DU-RE-ZA-SE,ZAKROS,ZA SCRIBE 4,TABLET,3,
ZA10B,U-*49,ZAKROS,ZA SCRIBE 4,TABLET,7,
ZA10B,MA-ZA,ZAKROS,ZA SCRIBE 4,TABLET,10,
ZA10B,MA-KI-DE-TE,ZAKROS,ZA SCRIBE 4,TABLET,13,
ZA10B,SA-MA,ZAKROS,ZA SCRIBE 4,TABLET,16,
ZA10B,A-DE,ZAKROS,ZA SCRIBE 4,TABLET,19,
ZA10B,A-MI-TA,ZAKROS,ZA SCRIBE 4,TABLET,22,
ZA10B,RA2-RO-RE,ZAKROS,ZA SCRIBE 4,TABLET,25,
ZA10B,PA-JA-RE,ZAKROS,ZA SCRIBE 4,TABLET,28,onomastic
ZA10B,KA-KU-NE-TE,ZAKROS,ZA SCRIBE 4,TABLET,31,
ZA11A,DI-DI-KO-RA-ME-TA2,ZAKROS,ZA SCRIBE 2,TABLET,0,
ZA11A,KU-PA,ZAKROS,ZA SCRIBE 2,TABLET,24,
ZA11B,E-TO-RI,ZAKROS,ZA SCRIBE 2,TABLET,0,
ZA11B,SA-*301-RI,ZAKROS,ZA SCRIBE 2,TABLET,4,
ZA11B,KU-PA,ZAKROS,ZA SCRIBE 2,TABLET,17,
ZA14,ME-KI-DI,ZAKROS,,TABLET,0,
ZA14,*21F-*118,ZAKROS,,TABLET,3,
ZA14,PU-NI-KA-*363,ZAKROS,,TABLET,6,
ZA14,QA-TI-JU,ZAKROS,,TABLET,9,
ZA14,KU-PI,ZAKROS,,TABLET,12,
ZA14,TU-MI-TI-ZA-SE,ZAKROS,,TABLET,15,
ZA14,PA-NU-QE,ZAKROS,,TABLET,18,
ZA15A,*47-KU-NA,ZAKROS,ZA SCRIBE 5,TABLET,0,
ZA15A,QE-SI-ZU-E,ZAKROS,ZA SCRIBE 5,TABLET,3,
ZA15A,I-TI-NI-SA,ZAKROS,ZA SCRIBE 5,TABLET,6,
ZA15A,MI-ZA-SE,ZAKROS,ZA SCRIBE 5,TABLET,11,
ZA15A,*28B-NU-MA-RE,ZAKROS,ZA SCRIBE 5,TABLET,14,
ZA15A,SI-PI-KI,ZAKROS,ZA SCRIBE 5,TABLET,17,
ZA15A,JA-SA-MU,ZAKROS,ZA SCRIBE 5,TABLET,21,
ZA15A,SA-MI-DA-E,ZAKROS,ZA SCRIBE 5,TABLET,24,
ZA15A,*363-KE-MA-SE,ZAKROS,ZA SCRIBE 5,TABLET,27,
ZA15B,KA-DI,ZAKROS,ZA SCRIBE 5,TABLET,0,
ZA15B,KU-RO,ZAKROS,ZA SCRIBE 5,TABLET,7,
ZA18A,KU-*321,ZAKROS,ZA SCRIBE 1,TABLET,3,
ZA20,SI-TE-TU,ZAKROS,ZA SCRIBE 3,TABLET,8,
ZA20,SI-TU,ZAKROS,ZA SCRIBE 3,TABLET,11,
ZA20,RU-MA-TA-SE,ZAKROS,ZA SCRIBE 3,TABLET,17,
ZA20,KU-RA,ZAKROS,ZA SCRIBE 3,TABLET,20,
ZA21A,*118-MI,ZAKROS,ZA SCRIBE 1,TABLET,25,
ZA24A,I-DA,ZAKROS,ZA SCRIBE 1,TABLET,0,
ZA26A,SI-TE,ZAKROS,,TABLET,0,
ZAWC2,A-TI-KA-A-DU-KO-MI,ZAKROS,,ROUNDEL,0,
ZAWC2,A-TI-KA-A-DU-KO-MI,ZAKROS,,ROUNDEL,2,
ZAZB3,DI-DI-KA-SE,ZAKROS,,CLAY VESSEL,3,
ZAZB3,A-SA-MU-NE,ZAKROS,,CLAY VESSEL,4,
ZAZB3,A-SE,ZAKROS,,CLAY VESSEL,5,
ZAZB3,A-TA-I-*301-DE-KA,ZAKROS,,CLAY VESSEL,7,
ZAZB3,A-RE-PI-RE-NA,ZAKROS,,CLAY VESSEL,9,
ZAZB3,TI-TI-KU,ZAKROS,,CLAY VESSEL,11,
ZAZB34,KO-MU,ZAKROS,,CLAY VESSEL,2,
ZAZB34,RU-DI,ZAKROS,,CLAY VESSEL,4,
ZAZG35,SE-WA-AU-DE,ZAKROS,,LABEL,2,
APZA1,JA-TA-I-*301-U-JA,APODOULOU,,STONE VESSEL,0,
APZA2,I-KU-PA3-NA-TU-NA-TE,APODOULOU,,STONE VESSEL,4,
ARZF1,I-DA-MA-TE,ARKHALKHORI,AR SCRIBE 1,METAL OBJECT,0,
ARKH1A,A-SU-MI-*118,ARKHALKHORI,ARKH SCRIBE 1,TABLET,14,
ARKH1B,JA-RE,ARKHALKHORI,ARKH SCRIBE 1,TABLET,2,
ARKH2,SI-DA-TE,ARKHALKHORI,ARKH SCRIBE 1,TABLET,0,
ARKH2,KU-RA,ARKHALKHORI,ARKH SCRIBE 1,TABLET,2,
ARKH2,A-SI-DA-TO-I,ARKHALKHORI,ARKH SCRIBE 1,TABLET,6,
ARKH2,ZU-*301-SE-DE-*21F-*118,ARKHALKHORI,ARKH SCRIBE 1,TABLET,9,
ARKH2,A-SU-PU-WA,ARKHALKHORI,ARKH SCRIBE 1,TABLET,12,
ARKH2,RU-MI,ARKHALKHORI,ARKH SCRIBE 1,TABLET,15,
ARKH3B,PI-*314,ARKHALKHORI,ARKH SCRIBE 1,TABLET,4,
ARKH4B,A-KI-RO,ARKHALKHORI,,TABLET,15,
ARKH5,A-DU-NI-TA-NA,ARKHALKHORI,,TABLET,0,
ARKH5,A-DA-RO,ARKHALKHORI,,TABLET,5,
ARKH6,DA-NA-TU,ARKHALKHORI,,TABLET,0,
ARKHZC8,*306-TA-JE,ARKHALKHORI,,INKED INSCRIPTION,0,
ARKHZF9,JA-KI-SI-KI-NU,ARKHALKHORI,,METAL OBJECT,0,
ARKHZF9,MI-DA-MA-RA2,ARKHALKHORI,,METAL OBJECT,2,
CR(?)ZF1,A-MA-WA-SI,CRETE,,METAL OBJECT,0,
CR(?)ZF1,KA-NI-JA-MI,CRETE,,METAL OBJECT,2,
CR(?)ZF1,I-JA,CRETE,,METAL OBJECT,4,
CR(?)ZF1,QA-KI-SE-NU-TI,CRETE,,METAL OBJECT,6,
CR(?)ZF1,A-TA-DE,CRETE,,METAL OBJECT,8,
CRZG4,I-DA-DA,CRETE,,STONE OBJECT,0,
CRZG4,A-RO-TE,CRETE,,STONE OBJECT,2,
FOZC1,*306-TA-JE,FOURNI,,INKED INSCRIPTION,0,
GO2R,SI-DA-RO,GOURNIA,,TABLET,12,
GO2V,SE-SI,GOURNIA,,TABLET,12,
GOWC1A,A-SA-SU-MA-I-SE,GOURNIA,,ROUNDEL,0,
HSZG1,A-MA,HAGHIOS STEHANOS,,STONE OBJECT,0,
MILZB2,PA3-PU2,MILETOS,,CLAY VESSEL,0,
MILZB3,SI-TE,MILETOS,,CLAY VESSEL,0,
MILZB4,RE-*86,MILETOS,,CLAY VESSEL,0,
KH102,A-MI,KHANIA,,TABLET,0,
PORZF2,TU-PI-TA,POROS HERAKLEIOU,,METAL OBJECT,0,
PKZB26,TO-PA3-DI,PALAIKASTRO,,CLAY VESSEL,0,
THEZB15,RE-SA,THERA,,CLAY VESSEL,0,
THEZB6,A-TA-NA-JE,THERA,,CLAY VESSEL,0,
DRAZG1,DA-DU-*301,,,STONE OBJECT,0,
INZB1,NU-RO,,,CLAY VESSEL,0,
PKZA27,JA-SA-SA-RA-ME,PALAIKASTRO,,STONE VESSEL,0,
PKZA27,U-NA-KA-NA-SI,PALAIKASTRO,,STONE VESSEL,2,
HTZF(HM767),TI-MA,HAGHIA TRIADA,,METAL OBJECT,0,
LACHZA1,RI-DA-U,LARANI,,STONE VESSEL,2,
LACHZA1,SE-JE,LARANI,,STONE VESSEL,4,
PH54,I-SA-RI-KE,PHAISTOS,,TABLET,0,
KH104,DA-RE,KHANIA,,TABLET,4,
KH105,DE-KI-TI,KHANIA,,TABLET,0,
THEZG15,*164-RI-DA,THERA,,LOOM WEIGHT,0,
THEZG16,I-KI-RU-QE,THERA,,TRITON,1,
VRYZB2,PO-SA,VRYSINAS,,CLAY VESSEL,0,
VRYZB3,U-TE,VRYSINAS,,CLAY VESSEL,0,
