stem,depth,terminal,form,occurrences,site_count,sites,scribe_count,scribes,supports,warning_classes,manual_tier,manual_adjudication,containment_count,containment_examples
*164-RI,1,DA,*164-RI-DA,1,1,THERA,0,,LOOM WEIGHT,,,,0,
*21F-JA,1,DU,*21F-JA-DU,1,1,HAGHIA TRIADA,0,,TABLET,,,,0,
*21F-RI-TU,1,QA,*21F-RI-TU-QA,1,1,HAGHIA TRIADA,0,,TABLET,,,,0,
*21F-TU,1,NE,*21F-TU-NE,3,1,HAGHIA TRIADA,2,HT SCRIBE 11|HT SCRIBE 9,TABLET,,A,positive,0,
*28B-NU-MA,1,RE,*28B-NU-MA-RE,3,1,ZAKROS,2,ZA SCRIBE 1|ZA SCRIBE 5,TABLET,,,,0,
*305-WA,1,NA,*305-WA-NA,1,1,ZAKROS,1,ZA SCRIBE 1,TABLET,,,,0,
*306-KI,1,TA2,*306-KI-TA2,1,1,HAGHIA TRIADA,1,HT SCRIBE 9,TABLET,,,,0,
*306-TA,1,JE,*306-TA-JE,2,2,ARKHALKHORI|FOURNI,0,,INKED INSCRIPTION,,,,0,
*306-TU,1,JA,*306-TU-JA,1,1,HAGHIA TRIADA,1,HT SCRIBE 8,TABLET,designation_or_onomastic,B,reclassified,0,
*309-DA,1,PU,*309-DA-PU,1,1,TYLISSOS,0,,TABLET,,,,0,
*309-JU,1,KI,*309-JU-KI,1,1,TYLISSOS,0,,TABLET,,,,0,
*309-RI,1,JU,*309-RI-JU,1,1,TYLISSOS,0,,TABLET,,,,0,
*309-RI-WA,1,JU,*309-RI-WA-JU,1,1,TYLISSOS,0,,TABLET,,,,0,
*309B-*34-PU,1,PI,*309B-*34-PU-PI,1,1,TYLISSOS,0,,TABLET,,,,0,
*309B-KI,1,PU,*309B-KI-PU,1,1,TYLISSOS,0,,TABLET,,,,0,
*309C-DA,1,JU,*309C-DA-JU,1,1,TYLISSOS,0,,TABLET,,,,0,
*312-TE,1,TE,*312-TE-TE,1,1,HAGHIA TRIADA,1,HT SCRIBE 3,TABLET,,,,0,
*314-TA,1,MA,*314-TA-MA,1,1,PHAISTOS,0,,ROUNDEL,,,,0,
*317-QE,1,*353,*317-QE-*353,1,1,PHAISTOS,0,,TABLET,,,,0,
*324-DI,1,RA,*324-DI-RA,3,1,HAGHIA TRIADA,1,HT SCRIBE 9,TABLET,,,,0,
*333-DI-NA-SU,1,KA,*333-DI-NA-SU-KA,1,1,HAGHIA TRIADA,1,HT WC SCRIBE 10,ROUNDEL,,,,0,
*333-DI-SU,1,KA,*333-DI-SU-KA,1,1,HAGHIA TRIADA,1,HT WC SCRIBE 10,ROUNDEL,,,,0,
*333-SA,1,MU,*333-SA-MU,1,1,MOKHILOS,0,,METAL OBJECT,,,,0,
*34-TI-RI-A-DI-DA-KI-TI-PA,1,KU,*34-TI-RI-A-DI-DA-KI-TI-PA-KU,1,1,KNOSSOS,0,,INKED INSCRIPTION,,,,0,
*355-E,1,*354,*355-E-*354,1,1,PHAISTOS,0,,TABLET,,,,0,
*363-KE-MA,1,SE,*363-KE-MA-SE,1,1,ZAKROS,1,ZA SCRIBE 5,TABLET,,,,0,
*47-KU,1,NA,*47-KU-NA,1,1,ZAKROS,1,ZA SCRIBE 5,TABLET,,,,0,
*47-NU-RA,1,JA,*47-NU-RA-JA,1,1,HAGHIA TRIADA,1,HT SCRIBE 8,TABLET,,,,0,
*810-PI,1,KA,*810-PI-KA,1,1,KHANIA,0,,ROUNDEL,,,,0,
*815-PA-TA,1,QE,*815-PA-TA-QE,1,1,HAGHIA TRIADA,1,HT SCRIBE 12,TABLET,,,,0,
*815-QA,1,PA3,*815-QA-PA3,1,1,HAGHIA TRIADA,1,HT SCRIBE 12,TABLET,,,,0,
*815-SU-PA3,1,RA,*815-SU-PA3-RA,1,1,HAGHIA TRIADA,1,HT SCRIBE 12,TABLET,,,,0,
*86-SI,1,NI,*86-SI-NI,1,1,HAGHIA TRIADA,1,HT SCRIBE 8,TABLET,,,,0,
*86-SI-*118,1,KA,*86-SI-*118-KA,1,1,HAGHIA TRIADA,1,HT SCRIBE 8,TABLET,,,,0,
*903-I-DU,1,WI,*903-I-DU-WI,1,1,MALIA,0,,3-SIDED BAR,,,,0,
A-*301-KI-TA,1,A,A-*301-KI-TA-A,1,1,TYLISSOS,0,,CLAY VESSEL,,,,0,
A-*325,1,ZA,A-*325-ZA,1,1,PETRAS,0,,TABLET,,,,0,
A-DA,1,RA,A-DA-RA,1,1,KNOSSOS,0,,METAL OBJECT,,C,comparison-only,0,
A-DA,1,RO,A-DA-RO,1,1,ARKHALKHORI,0,,TABLET,,B,candidate,0,
A-DA-*21F,1,RI,A-DA-*21F-RI,1,1,KHANIA,0,,TABLET,,,,0,
A-DA-KI-SI,1,KA,A-DA-KI-SI-KA,1,1,KHANIA,1,KH SCRIBE 2,TABLET,,,,0,
A-DU,1,ZA,A-DU-ZA,1,1,PALAIKASTRO,0,,TABLET,,,,0,
A-DU-KU-MI,1,NA,A-DU-KU-MI-NA,1,1,ZAKROS,1,ZA SCRIBE 4,TABLET,,,,0,
A-DU-NI-TA,1,NA,A-DU-NI-TA-NA,1,1,ARKHALKHORI,0,,TABLET,,,,0,
A-JE,1,SA,A-JE-SA,1,1,IOUKTAS,0,,STONE VESSEL,,C,comparison-only,0,
A-KA,1,RU,A-KA-RU,2,1,HAGHIA TRIADA,1,HT SCRIBE 6,TABLET,,,,0,
A-KA-NU-ZA,1,TI,A-KA-NU-ZA-TI,1,1,KNOSSOS,0,,INKED INSCRIPTION,,,,0,
A-KI,1,RO,A-KI-RO,1,1,ARKHALKHORI,0,,TABLET,,,,0,
A-KI-PI-E,1,TE,A-KI-PI-E-TE,1,1,KHANIA,1,KH SCRIBE 5,TABLET,,,,0,
A-KO-A,1,NE,A-KO-A-NE,1,1,PALAIKASTRO,0,,STONE VESSEL,,,,0,
A-KU-JU-PA,1,*118,A-KU-JU-PA-*118,1,1,PAPOUROU,0,,TABLET,,,,0,
A-KU-MI,1,NA,A-KU-MI-NA,1,1,ZAKROS,1,ZA SCRIBE 4,TABLET,,,,0,
A-MA,1,JA,A-MA-JA,1,1,KHANIA,1,KH SCRIBE 1,TABLET,,C,comparison-only,0,
A-MA-WA,1,SI,A-MA-WA-SI,1,1,CRETE,0,,METAL OBJECT,,,,0,
A-MI,1,TA,A-MI-TA,1,1,ZAKROS,1,ZA SCRIBE 4,TABLET,,,,0,
A-MI-DA,1,O,A-MI-DA-O,1,1,PHAISTOS,0,,TABLET,,,,0,
A-MI-DA,1,U,A-MI-DA-U,1,1,ZAKROS,1,ZA SCRIBE 4,TABLET,,,,0,
A-PA,1,KI,A-PA-KI,1,1,KNOSSOS,0,,CLAY VESSEL,,,,0,
A-PA-RA,1,NE,A-PA-RA-NE,2,1,HAGHIA TRIADA,1,HT SCRIBE 8,TABLET,,,,0,
A-PA3,1,DI,A-PA3-DI,1,1,PALAIKASTRO,0,,CLAY VESSEL,,,,0,
A-PU2-NA,1,DU,A-PU2-NA-DU,1,1,HAGHIA TRIADA,1,HT SCRIBE 14,TABLET,,,,0,
A-RA,1,JU,A-RA-JU,1,1,HAGHIA TRIADA,1,HT SCRIBE 7,TABLET,,,,0,
A-RA,1,TU,A-RA-TU,1,1,ZAKROS,0,,TABLET,,,,1,A-RA-TU-ME
A-RA-KO-KU-ZU-WA-SA-TO-MA-RO-AU-TA-DE-PO-NI,1,ZA,A-RA-KO-KU-ZU-WA-SA-TO-MA-RO-AU-TA-DE-PO-NI-ZA,1,1,KOPHINAS,0,,METAL OBJECT,,,,0,
A-RA-NA,1,RE,A-RA-NA-RE,1,1,HAGHIA TRIADA,1,HT SCRIBE 21,TABLET,,,,0,
A-RA-TU,1,ME,A-RA-TU-ME,1,1,HAGHIA TRIADA,0,,ROUNDEL,,B,candidate,0,
A-RA-U,1,DA,A-RA-U-DA,1,1,KHANIA,1,KH SCRIBE 2,TABLET,,,,0,
A-RE-DA,1,I,A-RE-DA-I,1,1,HAGHIA TRIADA,0,,TABLET,,,,0,
A-RE-NE-SI-DI-*301-PI-KE-PA-JA-TA-RI-SE-TE-RI-MU-A-JA,1,KU,A-RE-NE-SI-DI-*301-PI-KE-PA-JA-TA-RI-SE-TE-RI-MU-A-JA-KU,1,1,KNOSSOS,0,,METAL OBJECT,,,,0,
A-RE-PI-RE,1,NA,A-RE-PI-RE-NA,1,1,ZAKROS,0,,CLAY VESSEL,,,,0,
A-RE-SA,1,NA,A-RE-SA-NA,1,1,THERA,0,,CLAY VESSEL,,,,0,
A-RI,1,PA,A-RI-PA,1,1,PETRAS,0,,TABLET,,C,comparison-only,0,
A-RI,1,SU,A-RI-SU,1,1,HAGHIA TRIADA,1,HT SCRIBE 3,TABLET,,C,comparison-only,0,
A-RI-NI,1,TA,A-RI-NI-TA,2,2,HAGHIA TRIADA|ZAKROS,1,ZA SCRIBE 2,TABLET,,,,0,
A-RO,1,TE,A-RO-TE,1,1,CRETE,0,,STONE OBJECT,,,,0,
A-RU-DA,1,RA,A-RU-DA-RA,1,1,HAGHIA TRIADA,1,HT SCRIBE 13,TABLET,,,,0,
A-SA,1,RA2,A-SA-RA2,1,1,HAGHIA TRIADA,1,HT SCRIBE 2,TABLET,,,,0,
A-SA-DA,1,KA,A-SA-DA-KA,1,1,MALIA,0,,ROUNDEL,,,,0,
A-SA-MU,1,NE,A-SA-MU-NE,1,1,ZAKROS,0,,CLAY VESSEL,,,,0,
A-SA-SA-*802,1,ME,A-SA-SA-*802-ME,1,1,PRASSA,0,,STONE VESSEL,,,,0,
A-SA-SU-MA-I,1,SE,A-SA-SU-MA-I-SE,1,1,GOURNIA,0,,ROUNDEL,,,,0,
A-SE,1,JA,A-SE-JA,1,1,HAGHIA TRIADA,1,HT SCRIBE 8,TABLET,,B,candidate,0,
A-SE-TU,1,*21F,A-SE-TU-*21F,1,1,PHAISTOS,0,,TABLET,,,,0,
A-SI-DA-TO,1,I,A-SI-DA-TO-I,1,1,ARKHALKHORI,1,ARKH SCRIBE 1,TABLET,,,,0,
A-SI-JA,1,KA,A-SI-JA-KA,2,1,HAGHIA TRIADA,1,HT SCRIBE 13,TABLET,,,,0,
A-SI-KI,1,RA,A-SI-KI-RA,1,1,KHANIA,1,KH SCRIBE 3,TABLET,anthroponymic_risk,,,0,
A-SI-SU-PO,1,A,A-SI-SU-PO-A,1,1,KHANIA,1,KH SCRIBE 1,TABLET,,,,0,
A-SU,1,JA,A-SU-JA,1,1,HAGHIA TRIADA,1,HT SCRIBE 24,TABLET,,,,0,
A-SU-MI,1,*118,A-SU-MI-*118,1,1,ARKHALKHORI,1,ARKH SCRIBE 1,TABLET,,,,0,
A-SU-PU,1,WA,A-SU-PU-WA,1,1,ARKHALKHORI,1,ARKH SCRIBE 1,TABLET,,,,0,
A-TA,1,*350,A-TA-*350,1,1,KHANIA,1,KH SCRIBE 2,TABLET,,,,0,
A-TA,1,DE,A-TA-DE,1,1,CRETE,0,,METAL OBJECT,,,,0,
A-TA,1,RE,A-TA-RE,1,1,ZAKROS,1,ZA SCRIBE 2,TABLET,,rejected,rejected,0,
A-TA-I-*301-DE,1,KA,A-TA-I-*301-DE-KA,1,1,ZAKROS,0,,CLAY VESSEL,,,,0,
A-TA-I-*301-WA,1,E,A-TA-I-*301-WA-E,1,1,PALAIKASTRO,0,,STONE VESSEL,,,,0,
A-TA-I-*301-WA,1,JA,A-TA-I-*301-WA-JA,10,5,IOUKTAS|KOPHINAS|PALAIKASTRO|SYME|TROULLOS,0,,STONE VESSEL,,,,0,
A-TA-NA,1,JE,A-TA-NA-JE,1,1,THERA,0,,CLAY VESSEL,,,,0,
A-TA-NA,1,TE,A-TA-NA-TE,1,1,ZAKROS,1,ZA SCRIBE 4,TABLET,,rejected,rejected,0,
A-TI,1,RU,A-TI-RU,1,1,ZAKROS,1,ZA SCRIBE 1,TABLET,,,,0,
A-TI-KA-A-DU-KO,1,MI,A-TI-KA-A-DU-KO-MI,2,1,ZAKROS,0,,ROUNDEL,,,,0,
A-TO-*349-TO,1,I,A-TO-*349-TO-I,1,1,KHANIA,1,KH SCRIBE 2,TABLET,,,,0,
A-TU-RI-SI,1,TI,A-TU-RI-SI-TI,1,1,KNOSSOS,0,,CLAY VESSEL,,,,0,
A-WA,1,PI,A-WA-PI,1,1,KNOSSOS,0,,METAL OBJECT,,,,0,
A-ZU,1,RA,A-ZU-RA,1,1,KNOSSOS,0,,INKED INSCRIPTION,,,,0,
AU-RE,1,TE,AU-RE-TE,1,1,KHANIA,1,KH SCRIBE 2,TABLET,,,,0,
AU-SI,1,RE,AU-SI-RE,2,1,PHAISTOS,0,,TABLET,,,,0,
DA-DU,1,*301,DA-DU-*301,1,0,,0,,STONE OBJECT,,,,0,
DA-DU-MA,1,TA,DA-DU-MA-TA,1,1,HAGHIA TRIADA,0,,TABLET,,,,0,
DA-DU-MI,1,NE,DA-DU-MI-NE,1,1,KNOSSOS,0,,METAL OBJECT,,,,0,
DA-I-PI,1,TA,DA-I-PI-TA,2,1,ZAKROS,2,ZA SCRIBE 2|ZA SCRIBE 4,TABLET,,,,0,
DA-JU,1,TE,DA-JU-TE,1,1,HAGHIA TRIADA,0,,TABLET,,,,0,
DA-KU,1,NA,DA-KU-NA,1,1,HAGHIA TRIADA,1,HT SCRIBE 3,TABLET,,B,candidate,0,
DA-KU-SE,1,NE,DA-KU-SE-NE,1,1,HAGHIA TRIADA,1,HT SCRIBE 3,TABLET,,,,1,DA-KU-SE-NE-TI
DA-KU-SE-NE,1,TI,DA-KU-SE-NE-TI,1,1,HAGHIA TRIADA,1,HT SCRIBE 5,TABLET,,A,positive,0,
DA-MA,1,TE,DA-MA-TE,1,1,KYTHERA,0,,STONE VESSEL,,,,1,I-DA-MA-TE
DA-MI,1,NU,DA-MI-NU,1,1,HAGHIA TRIADA,1,HT SCRIBE 9,TABLET,,,,0,
DA-NA,1,SI,DA-NA-SI,1,1,HAGHIA TRIADA,0,,TABLET,,,,0,
DA-NA,1,TU,DA-NA-TU,1,1,ARKHALKHORI,0,,TABLET,,,,0,
DA-NE-KU,1,TI,DA-NE-KU-TI,1,1,HAGHIA TRIADA,1,HT SCRIBE 9,TABLET,,,,0,
DA-QE,1,RA,DA-QE-RA,2,1,HAGHIA TRIADA,1,HT SCRIBE 6,TABLET,,,,0,
DA-RI,1,DA,DA-RI-DA,4,1,HAGHIA TRIADA,2,HT SCRIBE 5|HT SCRIBE 9,TABLET,,,,0,
DA-RO,1,PA,DA-RO-PA,1,1,HAGHIA TRIADA,1,HT SCRIBE 8,TABLET,,,,0,
DA-RU,1,*329,DA-RU-*329,1,1,HAGHIA TRIADA,1,HT SCRIBE 11,TABLET,,,,0,
DA-RU-NE,1,TE,DA-RU-NE-TE,1,1,HAGHIA TRIADA,0,,TABLET,,,,0,
DA-SE-RA,1,TE,DA-SE-RA-TE,1,1,SYME,0,,STONE VESSEL,,,,0,
DA-SI,1,*118,DA-SI-*118,4,1,HAGHIA TRIADA,3,HT SCRIBE 2|HT SCRIBE 8|HT SCRIBE 9,TABLET,,,,0,
DA-TA,1,RA,DA-TA-RA,1,1,HAGHIA TRIADA,0,,TABLET,,,,0,
DA-TA,1,RE,DA-TA-RE,1,1,HAGHIA TRIADA,1,HT SCRIBE 7,TABLET,,,,0,
DA-U,1,*49,DA-U-*49,1,1,HAGHIA TRIADA,1,HT SCRIBE 6,TABLET,,,,0,
DE-JU,1,KU,DE-JU-KU,1,1,HAGHIA TRIADA,1,HT SCRIBE 5,TABLET,,,,0,
DE-KI,1,TI,DE-KI-TI,1,1,KHANIA,0,,TABLET,,,,0,
DI-DE,1,RU,DI-DE-RU,3,1,HAGHIA TRIADA,1,HT SCRIBE 6,TABLET,,,,0,
DI-DI-KA,1,SE,DI-DI-KA-SE,1,1,ZAKROS,0,,CLAY VESSEL,,,,0,
DI-DI-KO-RA-ME,1,TA2,DI-DI-KO-RA-ME-TA2,1,1,ZAKROS,1,ZA SCRIBE 2,TABLET,,,,0,
DI-DI-ZA,1,KE,DI-DI-ZA-KE,1,1,HAGHIA TRIADA,1,HT SCRIBE 21,TABLET,,,,0,
DI-KI,1,SE,DI-KI-SE,2,1,HAGHIA TRIADA,1,HT SCRIBE 9,TABLET,,,,0,
DI-NA,1,RO,DI-NA-RO,1,1,HAGHIA TRIADA,1,HT SCRIBE 2,TABLET,,rejected,rejected,0,
DI-NA,1,U,DI-NA-U,5,2,HAGHIA TRIADA|KNOSSOS,1,HT SCRIBE 10,CLAY VESSEL|TABLET,,,,0,
DI-RE-DI,1,NA,DI-RE-DI-NA,1,1,HAGHIA TRIADA,0,,TABLET,,,,0,
DI-RI,1,NA,DI-RI-NA,2,1,HAGHIA TRIADA,1,HT SCRIBE 5,TABLET,,,,0,
DU-*314,1,RE,DU-*314-RE,1,1,KOPHINAS,0,,STONE VESSEL,,,,0,
DU-DA,1,MA,DU-DA-MA,1,1,HAGHIA TRIADA,0,,TABLET,,,,0,
DU-MA-I,1,NA,DU-MA-I-NA,1,1,HAGHIA TRIADA,1,HT SCRIBE 6,TABLET,,,,0,
DU-ME,1,DI,DU-ME-DI,1,1,HAGHIA TRIADA,1,HT SCRIBE 18,TABLET,,,,0,
DU-MI-TA-TI,1,RA2,DU-MI-TA-TI-RA2,1,1,TROY,0,,STONE OBJECT,,,,0,
DU-PA3,1,NA,DU-PA3-NA,1,1,HAGHIA TRIADA,1,HT SCRIBE 8,TABLET,,,,0,
DU-RA,1,RE,DU-RA-RE,1,1,KNOSSOS,0,,INKED INSCRIPTION,,rejected,rejected,0,
DU-RE-ZA,1,SE,DU-RE-ZA-SE,2,1,ZAKROS,1,ZA SCRIBE 4,TABLET,,,,0,
DU-SU,1,NI,DU-SU-NI,1,1,HAGHIA TRIADA,1,HT SCRIBE 2,TABLET,,,,0,
DU-ZU,1,WA,DU-ZU-WA,1,1,HAGHIA TRIADA,0,,TABLET,,,,0,
E-NA,1,SI,E-NA-SI,1,1,KHANIA,1,KH SCRIBE 2,TABLET,,,,0,
E-TA2,1,QE,E-TA2-QE,1,1,PHAISTOS,0,,NODULE,,,,0,
E-TO,1,RI,E-TO-RI,1,1,ZAKROS,1,ZA SCRIBE 2,TABLET,,,,0,
I-DA,1,A,I-DA-A,1,1,KOPHINAS,0,,STONE VESSEL,,B,candidate,0,
I-DA,1,DA,I-DA-DA,1,1,CRETE,0,,STONE OBJECT,,C,comparison-only,0,
I-DA,1,MI,I-DA-MI,1,1,SYME,0,,STONE VESSEL,,A,positive,0,
I-DA-MA,1,TE,I-DA-MA-TE,1,1,ARKHALKHORI,1,AR SCRIBE 1,METAL OBJECT,,,,0,
I-DA-PA3-I-SA,1,RI,I-DA-PA3-I-SA-RI,1,1,PHAISTOS,0,,TABLET,,,,0,
I-DU,1,TI,I-DU-TI,1,1,HAGHIA TRIADA,1,HT SCRIBE 5,TABLET,,,,0,
I-DU-NE,1,SI,I-DU-NE-SI,1,1,HAGHIA TRIADA,1,HT SCRIBE 8,TABLET,,,,0,
I-JA,1,TE,I-JA-TE,1,1,PHAISTOS,0,,CLAY VESSEL,,C,comparison-only,0,
I-JA-PA,1,ME,I-JA-PA-ME,1,1,KHANIA,1,KH SCRIBE 2,TABLET,,,,0,
I-KI-RU,1,QE,I-KI-RU-QE,1,1,THERA,0,,TRITON,,,,0,
I-KU,1,TA,I-KU-TA,1,1,HAGHIA TRIADA,0,,TABLET,,,,0,
I-KU-JU-TI,1,*28B,I-KU-JU-TI-*28B,1,1,ZAKROS,1,ZA SCRIBE 1,TABLET,,,,0,
I-KU-PA3-NA-TU-NA,1,TE,I-KU-PA3-NA-TU-NA-TE,1,1,APODOULOU,0,,STONE VESSEL,,,,0,
I-KU-RI,1,NA,I-KU-RI-NA,1,1,HAGHIA TRIADA,1,HT SCRIBE 2,TABLET,,,,0,
I-NA,1,WA,I-NA-WA,1,1,PHAISTOS,0,,TABLET,,,,0,
I-NA-JA-PA,1,QA,I-NA-JA-PA-QA,1,1,PALAIKASTRO,0,,STONE VESSEL,,,,0,
I-NA-TA-I-ZU-DI-SI,1,KA,I-NA-TA-I-ZU-DI-SI-KA,1,1,IOUKTAS,0,,STONE VESSEL,,,,0,
I-PA-SA,1,JA,I-PA-SA-JA,1,1,KHANIA,1,KH SCRIBE 5,TABLET,,,,0,
I-PI-NA,1,MA,I-PI-NA-MA,2,2,KOPHINAS|TROULLOS,0,,STONE VESSEL,,,,0,
I-PI-NA-MI,1,NA,I-PI-NA-MI-NA,1,1,PALAIKASTRO,0,,STONE VESSEL,,,,0,
I-QA,1,*118,I-QA-*118,2,1,HAGHIA TRIADA,0,,TABLET,,,,0,
I-RU,1,JA,I-RU-JA,1,1,HAGHIA TRIADA,1,HT SCRIBE 11,TABLET,,,,0,
I-SA-RI,1,KE,I-SA-RI-KE,1,1,PHAISTOS,0,,TABLET,,,,0,
I-TA,1,JA,I-TA-JA,1,1,HAGHIA TRIADA,1,HT SCRIBE 13,TABLET,,,,0,
I-TI-NI,1,SA,I-TI-NI-SA,1,1,ZAKROS,1,ZA SCRIBE 5,TABLET,,,,0,
I-TI-TI-KU,1,NI,I-TI-TI-KU-NI,1,1,HAGHIA TRIADA,1,HT SCRIBE 8,TABLET,,,,0,
I-WA,1,JA,I-WA-JA,1,1,KNOSSOS,0,,ARCHITECTURE,,,,0,
I-ZU-RI-NI,1,TA,I-ZU-RI-NI-TA,1,1,PHAISTOS,0,,TABLET,,,,0,
JA-DI-KI,1,TU,JA-DI-KI-TU,1,1,IOUKTAS,0,,STONE VESSEL,,,,0,
JA-DI-KI-TE-TE-*307-PU2,1,RE,JA-DI-KI-TE-TE-*307-PU2-RE,1,1,PALAIKASTRO,0,,STONE VESSEL,,,,0,
JA-DI-KI-TE-TE-DU-PU2,1,RE,JA-DI-KI-TE-TE-DU-PU2-RE,1,1,PALAIKASTRO,0,,STONE VESSEL,,,,0,
JA-DU-RA,1,TI,JA-DU-RA-TI,1,1,KNOSSOS,0,,TABLET,,,,0,
JA-I-NWA,1,ZA,JA-I-NWA-ZA,1,1,SYME,0,,STONE VESSEL,,,,0,
JA-KI,1,PA3,JA-KI-PA3,1,1,PHAISTOS,0,,TABLET,,,,0,
JA-KI-SI-KI,1,NU,JA-KI-SI-KI-NU,1,1,ARKHALKHORI,0,,METAL OBJECT,,,,0,
JA-KU,1,TI,JA-KU-TI,1,1,KNOSSOS,0,,TABLET,,B,candidate,0,
JA-MA-U,1,TI,JA-MA-U-TI,1,1,MALIA,0,,3-SIDED BAR,,,,0,
JA-MI-DA,1,RE,JA-MI-DA-RE,1,1,HAGHIA TRIADA,1,HT SCRIBE 9,TABLET,,,,0,
JA-PA-RA-JA,1,SE,JA-PA-RA-JA-SE,1,1,SYME,0,,STONE VESSEL,,,,0,
JA-RE,1,MI,JA-RE-MI,1,1,HAGHIA TRIADA,1,HT SCRIBE 9,TABLET,,not-comparable,rejected,0,
JA-SA,1,JA,JA-SA-JA,1,1,KNOSSOS,0,,STONE OBJECT,,rejected,rejected,0,
JA-SA,1,MU,JA-SA-MU,1,1,ZAKROS,1,ZA SCRIBE 5,TABLET,,,,0,
JA-SA-RA-A-NA,1,NE,JA-SA-RA-A-NA-NE,1,1,KNOSSOS,0,,INKED INSCRIPTION,,,,0,
JA-SA-SA-RA,1,ME,JA-SA-SA-RA-ME,7,5,IOUKTAS|PALAIKASTRO|PLATANOS|PSYKHRO|TROULLOS,1,PS SCRIBE 1,METAL OBJECT|STONE VESSEL,,rejected,IOZa16 breaks JA-SA-SA-RA- / -ME across faces; commentary explicitly reconstructs one full JA-SA-SA-RA-ME word,0,
JA-SA-U-NA-KA-NA,1,SI,JA-SA-U-NA-KA-NA-SI,1,1,PALAIKASTRO,0,,STONE VESSEL,,,,0,
JA-SI,1,E,JA-SI-E,1,1,KEA,0,,CLAY VESSEL,,,,0,
JA-TA-I-*301-U,1,JA,JA-TA-I-*301-U-JA,1,1,APODOULOU,0,,STONE VESSEL,,,,0,
JA-TI-TU,1,KU,JA-TI-TU-KU,1,1,LARANI,0,,CLAY VESSEL,,,,0,
JA-WA,1,PA3,JA-WA-PA3,1,1,SYME,0,,STONE VESSEL,,,,0,
JA-WA,1,PI,JA-WA-PI,1,1,PETRAS,0,,CLAY VESSEL,,,,0,
JE-TA,1,NA,JE-TA-NA,1,1,HAGHIA TRIADA,0,,NODULE,,,,0,
JU-KU-NA-PA-KU-NU-U-I,1,ZU,JU-KU-NA-PA-KU-NU-U-I-ZU,1,1,KNOSSOS,0,,INKED INSCRIPTION,,,,0,
KA-*314,1,SI,KA-*314-SI,1,1,PHAISTOS,0,,ROUNDEL,,,,0,
KA-A-SI,1,TE,KA-A-SI-TE,1,1,THERA,0,,CLAY VESSEL,,,,0,
KA-DU-MA,1,NE,KA-DU-MA-NE,1,1,HAGHIA TRIADA,0,,TABLET,,,,0,
KA-I,1,RO,KA-I-RO,1,1,ZAKROS,1,ZA SCRIBE 2,TABLET,,,,0,
KA-KU,1,PA,KA-KU-PA,3,1,HAGHIA TRIADA,2,HT SCRIBE 10|HT WC SCRIBE 11,ROUNDEL|TABLET,,B,candidate,0,
KA-KU-NE,1,TE,KA-KU-NE-TE,1,1,ZAKROS,1,ZA SCRIBE 4,TABLET,,,,0,
KA-NA-NI,1,TI,KA-NA-NI-TI,1,1,KHANIA,0,,ROUNDEL,,,,0,
KA-NI-JA,1,MI,KA-NI-JA-MI,1,1,CRETE,0,,METAL OBJECT,,,,0,
KA-NU,1,TI,KA-NU-TI,1,1,HAGHIA TRIADA,1,HT SCRIBE 7,TABLET,,,,0,
KA-PA,1,QE,KA-PA-QE,1,1,HAGHIA TRIADA,0,,TABLET,,A,positive,0,
KA-PO,1,RU,KA-PO-RU,1,1,HAGHIA TRIADA,1,HT SCRIBE 8,TABLET,,,,0,
KA-RE,1,RO,KA-RE-RO,1,1,HAGHIA TRIADA,0,,ROUNDEL,,,,0,
KA-RI-*310,1,I,KA-RI-*310-I,1,1,HAGHIA TRIADA,0,,TABLET,,,,0,
KA-RO,1,NA,KA-RO-NA,1,1,HAGHIA TRIADA,1,HT SCRIBE 24,TABLET,,,,0,
KA-SA,1,RU,KA-SA-RU,1,1,HAGHIA TRIADA,0,,TABLET,,,,0,
KA-SI-A,1,TE,KA-SI-A-TE,1,1,KNOSSOS,0,,ARCHITECTURE,,,,0,
KA-U-DE,1,TA,KA-U-DE-TA,1,1,HAGHIA TRIADA,1,HT SCRIBE 8,TABLET,,,,0,
KA-U-ZU,1,NI,KA-U-ZU-NI,1,1,HAGHIA TRIADA,1,HT SCRIBE 3,TABLET,,,,0,
KE-KI,1,RU,KE-KI-RU,1,1,HAGHIA TRIADA,1,HT SCRIBE 9,TABLET,,,,0,
KE-SI,1,TE,KE-SI-TE,1,1,KNOSSOS,0,,ARCHITECTURE,,,,0,
KI-*310,1,RE,KI-*310-RE,1,1,HAGHIA TRIADA,0,,TABLET,,rejected,rejected,0,
KI-DA,1,RO,KI-DA-RO,1,1,HAGHIA TRIADA,1,HT SCRIBE 9,TABLET,,rejected,rejected,0,
KI-DA,1,TA,KI-DA-TA,1,1,HAGHIA TRIADA,1,HT SCRIBE 2,TABLET,,,,0,
KI-DE-MA-*323,1,NA,KI-DE-MA-*323-NA,1,1,HAGHIA TRIADA,1,HT SCRIBE 12,TABLET,,,,0,
KI-DI,1,NI,KI-DI-NI,1,1,HAGHIA TRIADA,1,HT SCRIBE 5,TABLET,,,,0,
KI-KI,1,NA,KI-KI-NA,1,1,HAGHIA TRIADA,1,HT SCRIBE 7,TABLET,,,,0,
KI-KI-RA,1,JA,KI-KI-RA-JA,1,1,HAGHIA TRIADA,1,HT SCRIBE 9,TABLET,,,,0,
KI-MI,1,RA2,KI-MI-RA2,1,1,HAGHIA TRIADA,0,,TABLET,,,,0,
KI-NI,1,MA,KI-NI-MA,1,1,ZAKROS,1,ZA SCRIBE 1,TABLET,,,,0,
KI-RE,1,TA2,KI-RE-TA2,2,1,HAGHIA TRIADA,2,HT SCRIBE 15|HT SCRIBE 9,TABLET,,,,0,
KI-RE,1,ZA,KI-RE-ZA,1,1,ZAKROS,0,,TABLET,,,,0,
KI-RE-TA,1,NA,KI-RE-TA-NA,3,1,HAGHIA TRIADA,2,HT SCRIBE 2|HT SCRIBE 6,TABLET,,,,0,
KI-RI,1,SI,KI-RI-SI,1,1,TYLISSOS,0,,TABLET,,,,0,
KI-RI,1,TA2,KI-RI-TA2,2,1,HAGHIA TRIADA,1,HT SCRIBE 4,TABLET,,,,0,
KI-TA,1,I,KI-TA-I,1,1,HAGHIA TRIADA,1,HT SCRIBE 6,TABLET,,,,0,
KI-TA-NI,1,TE,KI-TA-NI-TE,1,1,PALAIKASTRO,0,,CLAY VESSEL,,,,0,
KO-SA-I,1,TI,KO-SA-I-TI,1,1,HAGHIA TRIADA,1,HT SCRIBE 9,TABLET,,,,0,
KU-KU-DA,1,RA,KU-KU-DA-RA,1,1,HAGHIA TRIADA,1,HT SCRIBE 9,TABLET,,,,0,
KU-MA,1,JU,KU-MA-JU,1,1,HAGHIA TRIADA,1,HT SCRIBE 10,TABLET,,,,0,
KU-MI-NA,1,QE,KU-MI-NA-QE,1,1,HAGHIA TRIADA,0,,ROUNDEL,,,,0,
KU-NI,1,SU,KU-NI-SU,4,1,HAGHIA TRIADA,1,HT SCRIBE 6,TABLET,,rejected,rejected,0,
KU-NI,1,TE,KU-NI-TE,1,1,KHANIA,0,,TABLET,,rejected,rejected,0,
KU-PA,1,JA,KU-PA-JA,1,1,HAGHIA TRIADA,0,,TABLET,,A,positive,0,
KU-PA,1,RI,KU-PA-RI,1,1,PETRAS,0,,TABLET,,,,0,
KU-PA,1,ZU,KU-PA-ZU,1,1,KHANIA,1,KH SCRIBE 2,TABLET,,,,0,
KU-PA3,1,NU,KU-PA3-NU,8,2,HAGHIA TRIADA|PHAISTOS,3,HT SCRIBE 21|HT SCRIBE 7|HT SCRIBE 9,TABLET,,,,0,
KU-PA3,1,PA3,KU-PA3-PA3,1,1,HAGHIA TRIADA,1,HT SCRIBE 7,TABLET,,,,0,
KU-PA3-NA,1,TU,KU-PA3-NA-TU,2,1,HAGHIA TRIADA,2,HT SCRIBE 14|HT SCRIBE 9,TABLET,,,,1,I-KU-PA3-NA-TU-NA-TE
KU-PA3-RI,1,JA,KU-PA3-RI-JA,1,1,HAGHIA TRIADA,0,,TABLET,,,,0,
KU-RA,1,MU,KU-RA-MU,1,1,HAGHIA TRIADA,1,HT SCRIBE 9,TABLET,,,,0,
KU-RE,1,JU,KU-RE-JU,1,1,HAGHIA TRIADA,1,HT SCRIBE 9,TABLET,,,,0,
KU-RU,1,KU,KU-RU-KU,1,1,HAGHIA TRIADA,1,HT SCRIBE 9,TABLET,,,,0,
KU-RU,1,MA,KU-RU-MA,1,1,HAGHIA TRIADA,1,HT SCRIBE 8,TABLET,,,,0,
KU-TU-KO,1,RE,KU-TU-KO-RE,1,1,ZAKROS,1,ZA SCRIBE 2,TABLET,,,,0,
KU-ZU,1,NI,KU-ZU-NI,2,1,HAGHIA TRIADA,2,HT SCRIBE 8|HT SCRIBE 9,TABLET,,,,0,
MA-I,1,MI,MA-I-MI,1,1,HAGHIA TRIADA,1,HT SCRIBE 2,TABLET,,,,0,
MA-KA-I,1,SE,MA-KA-I-SE,1,1,ZAKROS,1,ZA SCRIBE 2,TABLET,,,,0,
MA-KA-I,1,TA,MA-KA-I-TA,2,2,PALAIKASTRO|ZAKROS,1,ZA SCRIBE 1,TABLET,,,,0,
MA-KA-RI,1,TE,MA-KA-RI-TE,2,1,HAGHIA TRIADA,1,HT SCRIBE 9,TABLET,,,,0,
MA-KI-DE,1,TE,MA-KI-DE-TE,1,1,ZAKROS,1,ZA SCRIBE 4,TABLET,,,,0,
MA-RI-RE,1,I,MA-RI-RE-I,1,1,HAGHIA TRIADA,0,,TABLET,,,,0,
MA-SI,1,DU,MA-SI-DU,1,1,HAGHIA TRIADA,0,,TABLET,,,,0,
MA-SU,1,MI,MA-SU-MI,1,1,KNOSSOS,0,,LAMES (SHORT THIN TABLET),,,,0,
MA-TE,1,TI,MA-TE-TI,1,1,PALAIKASTRO,0,,TABLET,,,,0,
MA-TI-ZA-I,1,TE,MA-TI-ZA-I-TE,1,1,PALAIKASTRO,0,,TABLET,,,,0,
ME-KI,1,DI,ME-KI-DI,1,1,ZAKROS,0,,TABLET,,,,0,
MI-DA,1,NI,MI-DA-NI,1,1,HAGHIA TRIADA,1,HT SCRIBE 14,TABLET,,,,0,
MI-DA,1,RA,MI-DA-RA,1,1,PALAIKASTRO,0,,CLAY VESSEL,,B,reclassified,0,
MI-DA-MA,1,RA2,MI-DA-MA-RA2,1,1,ARKHALKHORI,0,,METAL OBJECT,,,,0,
MI-KI-SE,1,NA,MI-KI-SE-NA,1,1,HAGHIA TRIADA,1,HT SCRIBE 3,TABLET,,,,0,
MI-NU,1,TE,MI-NU-TE,4,1,HAGHIA TRIADA,2,HT SCRIBE 19|HT SCRIBE 6,TABLET,,,,0,
MI-RU-TA-RA,1,RE,MI-RU-TA-RA-RE,1,1,HAGHIA TRIADA,1,HT SCRIBE 9,TABLET,,,,0,
MI-ZA,1,SE,MI-ZA-SE,1,1,ZAKROS,1,ZA SCRIBE 5,TABLET,,,,0,
NA-*21F,1,NE,NA-*21F-NE,1,1,HAGHIA TRIADA,1,HT SCRIBE 9,TABLET,,,,1,NA-*21F-NE-MI-NA
NA-*21F-NE-MI,1,NA,NA-*21F-NE-MI-NA,1,1,HAGHIA TRIADA,1,HT SCRIBE 8,TABLET,,,,0,
NA-A,1,PA3,NA-A-PA3,1,1,KNOSSOS,0,,CLAY VESSEL,,,,0,
NA-DA,1,RE,NA-DA-RE,1,1,HAGHIA TRIADA,1,HT SCRIBE 9,TABLET,,,,0,
NA-MA-MA-TI-TI,1,*904,NA-MA-MA-TI-TI-*904,1,1,HAGHIA TRIADA,0,,GRAFFITO,,,,0,
NA-TU-*301,1,NE,NA-TU-*301-NE,1,1,SKOTEINO CAVE,0,,INKED INSCRIPTION,,,,0,
NI-JA,1,NU,NI-JA-NU,1,1,KNOSSOS,0,,INKED INSCRIPTION,,,,0,
NI-NU,1,NI,NI-NU-NI,1,1,PLATANOS,0,,METAL OBJECT,,,,0,
NU-DU,1,*331,NU-DU-*331,1,1,HAGHIA TRIADA,1,HT SCRIBE 2,TABLET,,,,0,
O-KA-MI-ZA-SI-I,1,NA,O-KA-MI-ZA-SI-I-NA,1,1,PALAIKASTRO,0,,TABLET,,,,0,
O-RA2-DI,1,NE,O-RA2-DI-NE,1,1,HAGHIA TRIADA,0,,TABLET,,,,0,
O-SU-QA,1,RE,O-SU-QA-RE,1,1,TROULLOS,0,,STONE VESSEL,,,,0,
O-TA-NI-ZA,1,SE,O-TA-NI-ZA-SE,1,1,ZAKROS,1,ZA SCRIBE 1,TABLET,,,,0,
O-TE,1,JA,O-TE-JA,1,1,PALAIKASTRO,0,,TABLET,,,,0,
PA-*342,1,I,PA-*342-I,1,1,HAGHIA TRIADA,0,,TABLET,,,,0,
PA-DA,1,RU,PA-DA-RU,1,1,TYLISSOS,0,,TABLET,,,,0,
PA-DA-SU,1,TI,PA-DA-SU-TI,1,1,HAGHIA TRIADA,1,HT SCRIBE 5,TABLET,,,,0,
PA-I,1,TO,PA-I-TO,2,1,HAGHIA TRIADA,2,HT SCRIBE 6|HT SCRIBE 7,TABLET,,,,0,
PA-JA,1,RE,PA-JA-RE,4,2,HAGHIA TRIADA|ZAKROS,3,HT SCRIBE 2|HT SCRIBE 7|ZA SCRIBE 4,TABLET,onomastic,B,reclassified,0,
PA-NU,1,QE,PA-NU-QE,1,1,ZAKROS,0,,TABLET,,,,0,
PA-RA,1,NE,PA-RA-NE,2,1,HAGHIA TRIADA,1,HT SCRIBE 8,TABLET,onomastic,,,1,A-PA-RA-NE
PA-RO,1,SU,PA-RO-SU,1,1,HAGHIA TRIADA,1,HT SCRIBE 10,TABLET,,,,0,
PA-SA-RI,1,JA,PA-SA-RI-JA,1,1,HAGHIA TRIADA,0,,TABLET,,,,0,
PA-SE,1,JA,PA-SE-JA,2,1,HAGHIA TRIADA,1,HT WA SCRIBE 10,ROUNDEL,,A,positive,0,
PA-TA,1,NE,PA-TA-NE,3,1,HAGHIA TRIADA,1,HT SCRIBE 9,NODULE|TABLET,,rejected,rejected,0,
PA-TA-DA-DU-PU2,1,RE,PA-TA-DA-DU-PU2-RE,1,1,HAGHIA TRIADA,0,,CLAY VESSEL,,,,0,
PA3-KA-RA,1,TI,PA3-KA-RA-TI,1,1,HAGHIA TRIADA,1,HT SCRIBE 2,TABLET,,,,0,
PA3-NI,1,NA,PA3-NI-NA,3,1,HAGHIA TRIADA,1,HT SCRIBE 5,TABLET,,,,0,
PA3-NI,1,WI,PA3-NI-WI,1,1,SYME,0,,STONE VESSEL,,B,reclassified,0,
PA3-SI,1,*47,PA3-SI-*47,1,1,MILETOS,0,,CLAY VESSEL,,,,0,
PI-*34,1,TE,PI-*34-TE,1,1,HAGHIA TRIADA,0,,TABLET,,,,0,
PI-KU,1,ZU,PI-KU-ZU,1,1,TYLISSOS,0,,TABLET,,,,0,
PI-MI-TA-TI,1,RA2,PI-MI-TA-TI-RA2,1,1,TROY,0,,STONE OBJECT,,,,0,
PI-RU-E,1,JU,PI-RU-E-JU,1,1,PHAISTOS,0,,TABLET,,,,0,
PI-TA,1,JA,PI-TA-JA,1,1,HAGHIA TRIADA,0,,TABLET,,,,0,
PI-TA,1,RA,PI-TA-RA,1,1,HAGHIA TRIADA,1,HT SCRIBE 8,TABLET,,,,0,
PI-TA-KA,1,SE,PI-TA-KA-SE,1,1,HAGHIA TRIADA,1,HT SCRIBE 22,TABLET,,,,0,
PI-TA-KE,1,SI,PI-TA-KE-SI,1,1,HAGHIA TRIADA,1,HT SCRIBE 9,TABLET,,,,0,
PI-TE,1,RI,PI-TE-RI,1,1,PALAIKASTRO,0,,STONE VESSEL,,,,0,
PO-DI,1,PA3,PO-DI-PA3,1,1,KNOSSOS,0,,LAMES (SHORT THIN TABLET),,,,0,
PO-TO-KU,1,RO,PO-TO-KU-RO,1,1,HAGHIA TRIADA,1,HT SCRIBE 9,TABLET,,,,0,
PU-NI-KA,1,*363,PU-NI-KA-*363,1,1,ZAKROS,0,,TABLET,,,,0,
QA-*118-RA,1,RE,QA-*118-RA-RE,1,1,HAGHIA TRIADA,1,HT SCRIBE 8,TABLET,,,,0,
QA-*310,1,I,QA-*310-I,4,1,HAGHIA TRIADA,2,HT SCRIBE 2|HT SCRIBE 9,TABLET,,,,0,
QA-KI,1,TI,QA-KI-TI,1,1,SKOTEINO CAVE,0,,INKED INSCRIPTION,,rejected,rejected,0,
QA-KI-SE-NU,1,TI,QA-KI-SE-NU-TI,1,1,CRETE,0,,METAL OBJECT,,,,0,
QA-KU,1,RE,QA-KU-RE,1,1,HAGHIA TRIADA,0,,ROUNDEL,,,,0,
QA-MI-*47-NA,1,RA,QA-MI-*47-NA-RA,1,1,KNOSSOS,0,,METAL OBJECT,,,,0,
QA-NU,1,MA,QA-NU-MA,2,2,HAGHIA TRIADA|KHANIA,0,,TABLET,,,,0,
QA-QA,1,DA,QA-QA-DA,1,1,PETRAS,0,,TABLET,,,,0,
QA-QA,1,RU,QA-QA-RU,3,1,HAGHIA TRIADA,3,HT SCRIBE 3|HT SCRIBE 5|HT SCRIBE 9,TABLET,,,,0,
QA-RA2,1,WA,QA-RA2-WA,1,1,HAGHIA TRIADA,1,HT SCRIBE 6,TABLET,,,,0,
QA-RE,1,TO,QA-RE-TO,1,1,HAGHIA TRIADA,1,HT SCRIBE 9,TABLET,,,,0,
QA-SA-RA,1,KU,QA-SA-RA-KU,1,1,SYME,0,,STONE VESSEL,,,,0,
QA-TI,1,JU,QA-TI-JU,1,1,ZAKROS,0,,TABLET,,,,0,
QA-TI,1,KI,QA-TI-KI,1,1,KHANIA,1,KH SCRIBE 2,TABLET,,,,0,
QA-TI-DA,1,TE,QA-TI-DA-TE,1,1,HAGHIA TRIADA,1,HT SCRIBE 11,TABLET,,,,0,
QE-DE-MI,1,NU,QE-DE-MI-NU,2,1,MALIA,0,,3-SIDED BAR,,,,0,
QE-KU,1,RE,QE-KU-RE,1,1,HAGHIA TRIADA,1,HT SCRIBE 10,TABLET,,,,0,
QE-PI,1,TA,QE-PI-TA,1,1,HAGHIA TRIADA,0,,TABLET,,,,0,
QE-RA2,1,JA,QE-RA2-JA,1,1,HAGHIA TRIADA,0,,TABLET,,,,0,
QE-RA2,1,U,QE-RA2-U,3,1,HAGHIA TRIADA,1,HT SCRIBE 21,TABLET,,,,0,
QE-SI,1,TE,QE-SI-TE,1,1,MALIA,0,,ARCHITECTURE,,,,0,
QE-SI-ZU,1,E,QE-SI-ZU-E,2,1,ZAKROS,2,ZA SCRIBE 1|ZA SCRIBE 5,TABLET,,,,0,
QE-SU,1,PU,QE-SU-PU,1,1,HAGHIA TRIADA,1,HT SCRIBE 9,TABLET,,,,0,
QE-TI-RA,1,DU,QE-TI-RA-DU,1,1,HAGHIA TRIADA,1,HT SCRIBE 8,TABLET,,,,0,
QE-TU,1,NE,QE-TU-NE,1,1,HAGHIA TRIADA,1,HT SCRIBE 11,TABLET,,rejected,rejected,0,
RA-*164,1,TI,RA-*164-TI,1,1,HAGHIA TRIADA,1,HT SCRIBE 18,TABLET,,,,0,
RA-*314,1,RA,RA-*314-RA,1,1,HAGHIA TRIADA,0,,ROUNDEL,,,,0,
RA-KI-NI,1,SE,RA-KI-NI-SE,1,1,SYME,0,,CLAY VESSEL,,,,0,
RA-NA-TU,1,SU,RA-NA-TU-SU,1,1,PALAIKASTRO,0,,TABLET,,,,0,
RA-O-DI,1,KI,RA-O-DI-KI,1,1,PHAISTOS,0,,TABLET,,,,0,
RA-TI,1,SE,RA-TI-SE,1,1,HAGHIA TRIADA,0,,TABLET,,,,0,
RA2-RO,1,RE,RA2-RO-RE,1,1,ZAKROS,1,ZA SCRIBE 4,TABLET,,,,0,
RE-A,1,JA,RE-A-JA,1,1,KHANIA,0,,TABLET,,,,0,
RE-DI,1,SE,RE-DI-SE,1,1,HAGHIA TRIADA,1,HT SCRIBE 9,TABLET,,,,0,
RI-DA,1,U,RI-DA-U,1,1,LARANI,0,,STONE VESSEL,,,,0,
RI-KA,1,TA,RI-KA-TA,1,1,HAGHIA TRIADA,0,,TABLET,,,,0,
RI-MI,1,SI,RI-MI-SI,1,1,HAGHIA TRIADA,1,HT SCRIBE 9,TABLET,,,,0,
RI-QE-TI-A-SA-SA-RA,1,*325,RI-QE-TI-A-SA-SA-RA-*325,1,1,POROS HERAKLEIOU,0,,INKED INSCRIPTION,,,,0,
RI-RU,1,MA,RI-RU-MA,1,1,HAGHIA TRIADA,1,HT SCRIBE 3,TABLET,,,,1,RI-RU-MA-TI
RI-RU-MA,1,TI,RI-RU-MA-TI,1,1,PHAISTOS,0,,TABLET,,B,candidate,0,
RI-TA,1,JE,RI-TA-JE,1,1,KHANIA,1,KH SCRIBE 2,TABLET,,,,0,
RI-TA-MA-NU,1,WI,RI-TA-MA-NU-WI,1,1,HAGHIA TRIADA,1,HT SCRIBE 8,TABLET,,,,0,
RU-I,1,KO,RU-I-KO,1,1,HAGHIA TRIADA,0,,TABLET,,,,0,
RU-JA-TA,1,DI,RU-JA-TA-DI,1,1,HAGHIA TRIADA,1,HT WC SCRIBE 10,ROUNDEL,,,,0,
RU-MA,1,TA,RU-MA-TA,2,1,HAGHIA TRIADA,1,HT SCRIBE 2,TABLET,,,,1,RU-MA-TA-SE
RU-MA-TA,1,SE,RU-MA-TA-SE,1,1,ZAKROS,1,ZA SCRIBE 3,TABLET,,,,0,
RU-PI-*305,1,MI,RU-PI-*305-MI,1,1,PETRAS,0,,TABLET,,,,0,
RU-ZU,1,NA,RU-ZU-NA,1,1,HAGHIA TRIADA,1,HT SCRIBE 24,TABLET,,,,0,
SA-*301,1,RI,SA-*301-RI,1,1,ZAKROS,1,ZA SCRIBE 2,TABLET,,,,0,
SA-*323,1,MI,SA-*323-MI,1,1,HAGHIA TRIADA,0,,TABLET,,,,0,
SA-JA,1,MA,SA-JA-MA,1,1,HAGHIA TRIADA,1,HT SCRIBE 12,TABLET,,,,0,
SA-MA,1,RO,SA-MA-RO,1,1,HAGHIA TRIADA,1,HT SCRIBE 7,TABLET,onomastic_or_designation,,,0,
SA-MI-DA,1,E,SA-MI-DA-E,1,1,ZAKROS,1,ZA SCRIBE 5,TABLET,,,,0,
SA-QE,1,RI,SA-QE-RI,1,1,HAGHIA TRIADA,1,HT SCRIBE 24,TABLET,,,,0,
SA-RA,1,RA,SA-RA-RA,1,1,HAGHIA TRIADA,1,HT SCRIBE 1,TABLET,,rejected,reclassified,0,
SA-RE,1,JU,SA-RE-JU,1,1,HAGHIA TRIADA,1,HT SCRIBE 10,TABLET,,,,0,
SA-SA,1,ME,SA-SA-ME,1,1,HAGHIA TRIADA,0,,TABLET,,,,0,
SA-SA-RA,1,ME,SA-SA-RA-ME,2,2,KNOSSOS|PALAIKASTRO,0,,INKED INSCRIPTION|STONE VESSEL,,,,1,JA-SA-SA-RA-ME
SE-KU,1,TU,SE-KU-TU,1,1,HAGHIA TRIADA,1,HT SCRIBE 8,TABLET,,,,0,
SE-SA,1,PA3,SE-SA-PA3,1,1,PHAISTOS,0,,TABLET,,,,0,
SE-TO-I,1,JA,SE-TO-I-JA,1,1,PRASSA,0,,STONE VESSEL,,,,0,
SE-WA-AU,1,DE,SE-WA-AU-DE,1,1,ZAKROS,0,,LABEL,,,,0,
SI-*805,1,MI,SI-*805-MI,1,1,KHANIA,0,,TABLET,,,,0,
SI-DA,1,RE,SI-DA-RE,2,1,HAGHIA TRIADA,2,HT SCRIBE 18|HT SCRIBE 9,TABLET,,,,0,
SI-DA,1,RO,SI-DA-RO,1,1,GOURNIA,0,,TABLET,,,,0,
SI-DA,1,TE,SI-DA-TE,1,1,ARKHALKHORI,1,ARKH SCRIBE 1,TABLET,,,,0,
SI-DI,1,JA,SI-DI-JA,1,1,HAGHIA TRIADA,0,,TABLET,,,,0,
SI-DU-*34-KU,1,MI,SI-DU-*34-KU-MI,1,1,HAGHIA TRIADA,0,,TABLET,,,,0,
SI-KI,1,NE,SI-KI-NE,1,1,HAGHIA TRIADA,0,,TABLET,,,,0,
SI-KI,1,RA,SI-KI-RA,1,1,HAGHIA TRIADA,1,HT SCRIBE 2,TABLET,anthroponymic_risk,,,1,A-SI-KI-RA
SI-MI,1,TA,SI-MI-TA,1,1,HAGHIA TRIADA,1,HT SCRIBE 8,TABLET,,,,0,
SI-PI,1,KI,SI-PI-KI,3,1,ZAKROS,2,ZA SCRIBE 1|ZA SCRIBE 5,TABLET,,,,0,
SI-RU,1,TE,SI-RU-TE,6,4,IOUKTAS|KOPHINAS|TROULLOS|VRYSINAS,0,,STONE VESSEL,,B,reclassified,0,
SI-RU-MA-RI,1,TA2,SI-RU-MA-RI-TA2,1,1,HAGHIA TRIADA,1,HT SCRIBE 2,TABLET,,,,0,
SI-SI-ZA-NE,1,*310,SI-SI-ZA-NE-*310,1,1,KNOSSOS,0,,METAL OBJECT,,,,0,
SI-TE,1,TU,SI-TE-TU,1,1,ZAKROS,1,ZA SCRIBE 3,TABLET,,,,0,
SI-TU-RA2,1,RE,SI-TU-RA2-RE,1,1,HAGHIA TRIADA,0,,TABLET,,,,0,
SU-KI-RI,1,TA,SU-KI-RI-TA,1,1,PHAISTOS,0,,NODULE,,,,0,
SU-KI-RI-TE-I,1,JA,SU-KI-RI-TE-I-JA,1,1,HAGHIA TRIADA,0,,CLAY VESSEL,,,,0,
SU-PU2,1,*188,SU-PU2-*188,1,1,HAGHIA TRIADA,1,HT SCRIBE 2,TABLET,,,,0,
TA-I-NU-MA,1,PA,TA-I-NU-MA-PA,1,1,ZAKROS,1,ZA SCRIBE 2,TABLET,,,,0,
TA-NA,1,TE,TA-NA-TE,1,1,ZAKROS,1,ZA SCRIBE 4,TABLET,,,,1,A-TA-NA-TE
TA-NA,1,TI,TA-NA-TI,3,1,HAGHIA TRIADA,1,HT SCRIBE 11,TABLET,,,,0,
TA-NA-I-*301,1,TI,TA-NA-I-*301-TI,1,1,PSYKHRO,1,PS SCRIBE 1,STONE VESSEL,,,,0,
TA-NA-I-*301-U-TI,1,NU,TA-NA-I-*301-U-TI-NU,1,1,IOUKTAS,0,,STONE VESSEL,,,,0,
TA-NA-MA,1,JE,TA-NA-MA-JE,1,1,PETRAS,0,,STONE OBJECT,,,,0,
TA-NA-RA-TE-U-TI,1,NU,TA-NA-RA-TE-U-TI-NU,1,1,IOUKTAS,0,,STONE VESSEL,,,,0,
TA-NA-SU-TE,1,KE,TA-NA-SU-TE-KE,1,1,PRASSA,0,,STONE VESSEL,,,,0,
TA-NI,1,KA,TA-NI-KA,2,1,HAGHIA TRIADA,1,HT WC SCRIBE 10,ROUNDEL,,,,0,
TA-NU-NI-KI,1,NA,TA-NU-NI-KI-NA,1,1,PLATANOS,0,,METAL OBJECT,,,,0,
TA-RI,1,NA,TA-RI-NA,1,1,HAGHIA TRIADA,0,,TABLET,,,,0,
TA-SA,1,ZA,TA-SA-ZA,1,1,KNOSSOS,0,,METAL OBJECT,,,,0,
TA-TE-I-KE-ZA,1,RE,TA-TE-I-KE-ZA-RE,1,1,KNOSSOS,0,,METAL OBJECT,,,,0,
TA2-TA,1,RE,TA2-TA-RE,1,1,PALAIKASTRO,0,,TABLET,,,,0,
TA2-TI,1,TE,TA2-TI-TE,1,1,PALAIKASTRO,0,,TABLET,,,,0,
TE-JA,1,RE,TE-JA-RE,1,1,HAGHIA TRIADA,1,HT SCRIBE 9,TABLET,onomastic,rejected,reclassified,0,
TE-ME-DA,1,I,TE-ME-DA-I,1,1,THERA,0,,TABLET,,,,0,
TE-SU-DE-SE-KE,1,I,TE-SU-DE-SE-KE-I,1,1,KNOSSOS,0,,METAL OBJECT,,,,0,
TI-DA,1,TA,TI-DA-TA,1,1,HAGHIA TRIADA,1,HT SCRIBE 6,TABLET,,,,0,
TI-DI-TE-QA,1,TI,TI-DI-TE-QA-TI,1,1,KNOSSOS,0,,METAL OBJECT,,,,0,
TI-DU,1,NI,TI-DU-NI,1,1,HAGHIA TRIADA,0,,TABLET,,,,0,
TI-MA-RU-WI,1,TE,TI-MA-RU-WI-TE,1,1,PYRGOS,0,,TABLET,,,,0,
TI-NI,1,TA,TI-NI-TA,1,1,HAGHIA TRIADA,1,HT SCRIBE 11,TABLET,,,,0,
TI-NU,1,JA,TI-NU-JA,1,1,HAGHIA TRIADA,1,HT SCRIBE 8,TABLET,,,,0,
TI-TI,1,KU,TI-TI-KU,2,2,HAGHIA TRIADA|ZAKROS,0,,CLAY VESSEL|TABLET,,,,1,I-TI-TI-KU-NI
TI-TI,1,MA,TI-TI-MA,1,1,PHAISTOS,0,,ROUNDEL,,,,0,
TO-*49,1,RE,TO-*49-RE,1,1,PETRAS,0,,TABLET,,,,0,
TO-PA3,1,DI,TO-PA3-DI,1,1,PALAIKASTRO,0,,CLAY VESSEL,,,,0,
TU-*21F-RI,1,NA,TU-*21F-RI-NA,1,1,HAGHIA TRIADA,1,HT SCRIBE 15,TABLET,,,,0,
TU-JU,1,MA,TU-JU-MA,1,1,HAGHIA TRIADA,1,HT SCRIBE 9,TABLET,,,,0,
TU-ME,1,I,TU-ME-I,1,1,PALAIKASTRO,0,,STONE VESSEL,,,,0,
TU-MI-TI-ZA,1,SE,TU-MI-TI-ZA-SE,1,1,ZAKROS,0,,TABLET,,,,0,
TU-PA-DI,1,DA,TU-PA-DI-DA,1,1,HAGHIA TRIADA,1,HT SCRIBE 6,TABLET,,,,0,
TU-PI,1,TA,TU-PI-TA,1,1,POROS HERAKLEIOU,0,,METAL OBJECT,,,,0,
TU-RU,1,SA,TU-RU-SA,1,1,KOPHINAS,0,,STONE VESSEL,,,,0,
TU-RU-NU-SE,1,ME,TU-RU-NU-SE-ME,1,1,HAGHIA TRIADA,1,HT SCRIBE 9,TABLET,,,,0,
TU-SU,1,PU2,TU-SU-PU2,1,1,HAGHIA TRIADA,0,,TABLET,,,,0,
U-*325,1,ZA,U-*325-ZA,3,1,HAGHIA TRIADA,1,HT SCRIBE 9,TABLET,,,,0,
U-*34,1,SI,U-*34-SI,2,1,HAGHIA TRIADA,1,HT SCRIBE 8,TABLET,,,,0,
U-DE,1,ZA,U-DE-ZA,1,1,HAGHIA TRIADA,1,HT SCRIBE 9,TABLET,,,,0,
U-DI,1,MI,U-DI-MI,1,1,HAGHIA TRIADA,1,HT SCRIBE 9,TABLET,,,,0,
U-KA-RE-A-SE-SI,1,NA,U-KA-RE-A-SE-SI-NA,1,1,PETRAS,0,,TABLET,,,,0,
U-MI-NA,1,SI,U-MI-NA-SI,2,1,HAGHIA TRIADA,2,HT SCRIBE 13|HT SCRIBE 9,TABLET,,,,0,
U-NA,1,A,U-NA-A,1,1,KNOSSOS,0,,CLAY VESSEL,,,,0,
U-NA,1,NA,U-NA-NA,1,1,MALIA,0,,3-SIDED BAR,,,,0,
U-NA-KA-NA,1,SI,U-NA-KA-NA-SI,4,3,IOUKTAS|KOPHINAS|PALAIKASTRO,0,,STONE VESSEL,,,,1,JA-SA-U-NA-KA-NA-SI
U-NA-RU-KA-JA,1,SI,U-NA-RU-KA-JA-SI,1,1,PALAIKASTRO,0,,STONE VESSEL,,,,0,
U-NA-RU-KA-NA,1,SI,U-NA-RU-KA-NA-SI,1,1,IOUKTAS,0,,STONE VESSEL,,,,0,
U-NA-RU-KA-NA,1,TI,U-NA-RU-KA-NA-TI,1,1,PALAIKASTRO,0,,STONE VESSEL,,,,0,
U-NU,1,*21F,U-NU-*21F,1,1,HAGHIA TRIADA,1,HT SCRIBE 3,TABLET,,,,0,
U-QE,1,TI,U-QE-TI,1,1,PLATANOS,0,,METAL OBJECT,,,,0,
U-RE,1,WI,U-RE-WI,1,1,HAGHIA TRIADA,0,,TABLET,,,,0,
U-TA,1,RO,U-TA-RO,1,1,HAGHIA TRIADA,0,,TABLET,,,,0,
U-TA-I,1,SE,U-TA-I-SE,1,1,KHANIA,1,KH SCRIBE 2,TABLET,,,,0,
WA-DI,1,NI,WA-DI-NI,2,1,HAGHIA TRIADA,1,HT WC SCRIBE 10,ROUNDEL,,,,0,
WA-DU-NI,1,MI,WA-DU-NI-MI,2,1,HAGHIA TRIADA,1,HT SCRIBE 9,TABLET,,,,0,
WA-O,1,MI,WA-O-MI,1,1,HAGHIA TRIADA,0,,ROUNDEL,,,,0,
WA-PI-TI-NA,1,RA2,WA-PI-TI-NA-RA2,1,1,PHAISTOS,0,,CLAY VESSEL,,,,0,
WA-TU-MA,1,RE,WA-TU-MA-RE,1,1,HAGHIA TRIADA,1,HT SCRIBE 9,TABLET,,,,0,
WI-DI,1,NA,WI-DI-NA,1,1,HAGHIA TRIADA,1,HT SCRIBE 13,TABLET,,,,0,
WI-JA-SU-MA-TI,1,TI,WI-JA-SU-MA-TI-TI,1,1,HAGHIA TRIADA,0,,GRAFFITO,,,,0,
WI-NA,1,DU,WI-NA-DU,1,1,KHANIA,1,KH SCRIBE 2,TABLET,,,,0,
WI-RA-RE-MI,1,TE,WI-RA-RE-MI-TE,1,1,ZAKROS,0,,TABLET,,,,0,
WI-SA-SA,1,NE,WI-SA-SA-NE,1,1,KHANIA,1,KH SCRIBE 2,TABLET,,,,0,
WI-TE,1,RO,WI-TE-RO,1,1,HAGHIA TRIADA,0,,TABLET,,,,0,
WI-TE-JA,1,MU,WI-TE-JA-MU,1,1,PLATANOS,0,,METAL OBJECT,,,,0,
ZU-*22F,1,DI,ZU-*22F-DI,1,1,HAGHIA TRIADA,1,HT SCRIBE 2,TABLET,,,,0,
ZU-*301-SE-DE-*21F,1,*118,ZU-*301-SE-DE-*21F-*118,1,1,ARKHALKHORI,1,ARKH SCRIBE 1,TABLET,,,,0,
ZU-DI,1,RA,ZU-DI-RA,2,1,HAGHIA TRIADA,1,HT WC SCRIBE 11,ROUNDEL,,,,0,
ZU-JU,1,PU2,ZU-JU-PU2,1,1,HAGHIA TRIADA,0,,TABLET,,,,0,
ZU-RI-NI,1,MA,ZU-RI-NI-MA,1,1,KNOSSOS,0,,CLAY VESSEL,,,,0,
*21F-RI,2,TU-QA,*21F-RI-TU-QA,1,1,HAGHIA TRIADA,0,,TABLET,,,,0,
*28B-NU,2,MA-RE,*28B-NU-MA-RE,3,1,ZAKROS,2,ZA SCRIBE 1|ZA SCRIBE 5,TABLET,,,,0,
*309-RI,2,WA-JU,*309-RI-WA-JU,1,1,TYLISSOS,0,,TABLET,,,,0,
*309B-*34,2,PU-PI,*309B-*34-PU-PI,1,1,TYLISSOS,0,,TABLET,,,,0,
*333-DI,2,SU-KA,*333-DI-SU-KA,1,1,HAGHIA TRIADA,1,HT WC SCRIBE 10,ROUNDEL,,,,0,
*333-DI-NA,2,SU-KA,*333-DI-NA-SU-KA,1,1,HAGHIA TRIADA,1,HT WC SCRIBE 10,ROUNDEL,,,,0,
*34-TI-RI-A-DI-DA-KI-TI,2,PA-KU,*34-TI-RI-A-DI-DA-KI-TI-PA-KU,1,1,KNOSSOS,0,,INKED INSCRIPTION,,,,0,
*363-KE,2,MA-SE,*363-KE-MA-SE,1,1,ZAKROS,1,ZA SCRIBE 5,TABLET,,,,0,
*47-NU,2,RA-JA,*47-NU-RA-JA,1,1,HAGHIA TRIADA,1,HT SCRIBE 8,TABLET,,,,0,
*815-PA,2,TA-QE,*815-PA-TA-QE,1,1,HAGHIA TRIADA,1,HT SCRIBE 12,TABLET,,,,0,
*815-SU,2,PA3-RA,*815-SU-PA3-RA,1,1,HAGHIA TRIADA,1,HT SCRIBE 12,TABLET,,,,0,
*86-SI,2,*118-KA,*86-SI-*118-KA,1,1,HAGHIA TRIADA,1,HT SCRIBE 8,TABLET,,,,0,
*903-I,2,DU-WI,*903-I-DU-WI,1,1,MALIA,0,,3-SIDED BAR,,,,0,
A-*301-KI,2,TA-A,A-*301-KI-TA-A,1,1,TYLISSOS,0,,CLAY VESSEL,,,,0,
A-DA,2,*21F-RI,A-DA-*21F-RI,1,1,KHANIA,0,,TABLET,,,,0,
A-DA-KI,2,SI-KA,A-DA-KI-SI-KA,1,1,KHANIA,1,KH SCRIBE 2,TABLET,,,,0,
A-DU-KU,2,MI-NA,A-DU-KU-MI-NA,1,1,ZAKROS,1,ZA SCRIBE 4,TABLET,,,,0,
A-DU-NI,2,TA-NA,A-DU-NI-TA-NA,1,1,ARKHALKHORI,0,,TABLET,,,,0,
A-KA-NU,2,ZA-TI,A-KA-NU-ZA-TI,1,1,KNOSSOS,0,,INKED INSCRIPTION,,,,0,
A-KI-PI,2,E-TE,A-KI-PI-E-TE,1,1,KHANIA,1,KH SCRIBE 5,TABLET,,,,0,
A-KO,2,A-NE,A-KO-A-NE,1,1,PALAIKASTRO,0,,STONE VESSEL,,,,0,
A-KU,2,MI-NA,A-KU-MI-NA,1,1,ZAKROS,1,ZA SCRIBE 4,TABLET,,,,0,
A-KU-JU,2,PA-*118,A-KU-JU-PA-*118,1,1,PAPOUROU,0,,TABLET,,,,0,
A-MA,2,WA-SI,A-MA-WA-SI,1,1,CRETE,0,,METAL OBJECT,,,,0,
A-MI,2,DA-O,A-MI-DA-O,1,1,PHAISTOS,0,,TABLET,,,,0,
A-MI,2,DA-U,A-MI-DA-U,1,1,ZAKROS,1,ZA SCRIBE 4,TABLET,,,,0,
A-PA,2,RA-NE,A-PA-RA-NE,2,1,HAGHIA TRIADA,1,HT SCRIBE 8,TABLET,,,,0,
A-PU2,2,NA-DU,A-PU2-NA-DU,1,1,HAGHIA TRIADA,1,HT SCRIBE 14,TABLET,,,,0,
A-RA,2,NA-RE,A-RA-NA-RE,1,1,HAGHIA TRIADA,1,HT SCRIBE 21,TABLET,,,,0,
A-RA,2,TU-ME,A-RA-TU-ME,1,1,HAGHIA TRIADA,0,,ROUNDEL,,,,0,
A-RA,2,U-DA,A-RA-U-DA,1,1,KHANIA,1,KH SCRIBE 2,TABLET,,,,0,
A-RA-KO-KU-ZU-WA-SA-TO-MA-RO-AU-TA-DE-PO,2,NI-ZA,A-RA-KO-KU-ZU-WA-SA-TO-MA-RO-AU-TA-DE-PO-NI-ZA,1,1,KOPHINAS,0,,METAL OBJECT,,,,0,
A-RE,2,DA-I,A-RE-DA-I,1,1,HAGHIA TRIADA,0,,TABLET,,,,0,
A-RE,2,SA-NA,A-RE-SA-NA,1,1,THERA,0,,CLAY VESSEL,,,,0,
A-RE-NE-SI-DI-*301-PI-KE-PA-JA-TA-RI-SE-TE-RI-MU-A,2,JA-KU,A-RE-NE-SI-DI-*301-PI-KE-PA-JA-TA-RI-SE-TE-RI-MU-A-JA-KU,1,1,KNOSSOS,0,,METAL OBJECT,,,,0,
A-RE-PI,2,RE-NA,A-RE-PI-RE-NA,1,1,ZAKROS,0,,CLAY VESSEL,,,,0,
A-RI,2,NI-TA,A-RI-NI-TA,2,2,HAGHIA TRIADA|ZAKROS,1,ZA SCRIBE 2,TABLET,,,,0,
A-RU,2,DA-RA,A-RU-DA-RA,1,1,HAGHIA TRIADA,1,HT SCRIBE 13,TABLET,,,,0,
A-SA,2,DA-KA,A-SA-DA-KA,1,1,MALIA,0,,ROUNDEL,,,,0,
A-SA,2,MU-NE,A-SA-MU-NE,1,1,ZAKROS,0,,CLAY VESSEL,,,,0,
A-SA-SA,2,*802-ME,A-SA-SA-*802-ME,1,1,PRASSA,0,,STONE VESSEL,,,,0,
A-SA-SU-MA,2,I-SE,A-SA-SU-MA-I-SE,1,1,GOURNIA,0,,ROUNDEL,,,,0,
A-SE,2,TU-*21F,A-SE-TU-*21F,1,1,PHAISTOS,0,,TABLET,,,,0,
A-SI,2,JA-KA,A-SI-JA-KA,2,1,HAGHIA TRIADA,1,HT SCRIBE 13,TABLET,,,,0,
A-SI,2,KI-RA,A-SI-KI-RA,1,1,KHANIA,1,KH SCRIBE 3,TABLET,anthroponymic_risk,,,0,
A-SI-DA,2,TO-I,A-SI-DA-TO-I,1,1,ARKHALKHORI,1,ARKH SCRIBE 1,TABLET,,,,0,
A-SI-SU,2,PO-A,A-SI-SU-PO-A,1,1,KHANIA,1,KH SCRIBE 1,TABLET,,,,0,
A-SU,2,MI-*118,A-SU-MI-*118,1,1,ARKHALKHORI,1,ARKH SCRIBE 1,TABLET,,,,0,
A-SU,2,PU-WA,A-SU-PU-WA,1,1,ARKHALKHORI,1,ARKH SCRIBE 1,TABLET,,,,0,
A-TA,2,NA-JE,A-TA-NA-JE,1,1,THERA,0,,CLAY VESSEL,,,,0,
A-TA,2,NA-TE,A-TA-NA-TE,1,1,ZAKROS,1,ZA SCRIBE 4,TABLET,,,,0,
A-TA-I-*301,2,DE-KA,A-TA-I-*301-DE-KA,1,1,ZAKROS,0,,CLAY VESSEL,,,,0,
A-TA-I-*301,2,WA-E,A-TA-I-*301-WA-E,1,1,PALAIKASTRO,0,,STONE VESSEL,,,,0,
A-TA-I-*301,2,WA-JA,A-TA-I-*301-WA-JA,10,5,IOUKTAS|KOPHINAS|PALAIKASTRO|SYME|TROULLOS,0,,STONE VESSEL,,,,0,
A-TI-KA-A-DU,2,KO-MI,A-TI-KA-A-DU-KO-MI,2,1,ZAKROS,0,,ROUNDEL,,,,0,
A-TO-*349,2,TO-I,A-TO-*349-TO-I,1,1,KHANIA,1,KH SCRIBE 2,TABLET,,,,0,
A-TU-RI,2,SI-TI,A-TU-RI-SI-TI,1,1,KNOSSOS,0,,CLAY VESSEL,,,,0,
DA-DU,2,MA-TA,DA-DU-MA-TA,1,1,HAGHIA TRIADA,0,,TABLET,,,,0,
DA-DU,2,MI-NE,DA-DU-MI-NE,1,1,KNOSSOS,0,,METAL OBJECT,,,,0,
DA-I,2,PI-TA,DA-I-PI-TA,2,1,ZAKROS,2,ZA SCRIBE 2|ZA SCRIBE 4,TABLET,,,,0,
DA-KU,2,SE-NE,DA-KU-SE-NE,1,1,HAGHIA TRIADA,1,HT SCRIBE 3,TABLET,,,,1,DA-KU-SE-NE-TI
DA-KU-SE,2,NE-TI,DA-KU-SE-NE-TI,1,1,HAGHIA TRIADA,1,HT SCRIBE 5,TABLET,,,,0,
DA-NE,2,KU-TI,DA-NE-KU-TI,1,1,HAGHIA TRIADA,1,HT SCRIBE 9,TABLET,,,,0,
DA-RU,2,NE-TE,DA-RU-NE-TE,1,1,HAGHIA TRIADA,0,,TABLET,,,,0,
DA-SE,2,RA-TE,DA-SE-RA-TE,1,1,SYME,0,,STONE VESSEL,,,,0,
DI-DI,2,KA-SE,DI-DI-KA-SE,1,1,ZAKROS,0,,CLAY VESSEL,,,,0,
DI-DI,2,ZA-KE,DI-DI-ZA-KE,1,1,HAGHIA TRIADA,1,HT SCRIBE 21,TABLET,,,,0,
DI-DI-KO-RA,2,ME-TA2,DI-DI-KO-RA-ME-TA2,1,1,ZAKROS,1,ZA SCRIBE 2,TABLET,,,,0,
DI-RE,2,DI-NA,DI-RE-DI-NA,1,1,HAGHIA TRIADA,0,,TABLET,,,,0,
DU-MA,2,I-NA,DU-MA-I-NA,1,1,HAGHIA TRIADA,1,HT SCRIBE 6,TABLET,,,,0,
DU-MI-TA,2,TI-RA2,DU-MI-TA-TI-RA2,1,1,TROY,0,,STONE OBJECT,,,,0,
DU-RE,2,ZA-SE,DU-RE-ZA-SE,2,1,ZAKROS,1,ZA SCRIBE 4,TABLET,,,,0,
I-DA,2,MA-TE,I-DA-MA-TE,1,1,ARKHALKHORI,1,AR SCRIBE 1,METAL OBJECT,,,,0,
I-DA-PA3-I,2,SA-RI,I-DA-PA3-I-SA-RI,1,1,PHAISTOS,0,,TABLET,,,,0,
I-DU,2,NE-SI,I-DU-NE-SI,1,1,HAGHIA TRIADA,1,HT SCRIBE 8,TABLET,,,,0,
I-JA,2,PA-ME,I-JA-PA-ME,1,1,KHANIA,1,KH SCRIBE 2,TABLET,,,,0,
I-KI,2,RU-QE,I-KI-RU-QE,1,1,THERA,0,,TRITON,,,,0,
I-KU,2,RI-NA,I-KU-RI-NA,1,1,HAGHIA TRIADA,1,HT SCRIBE 2,TABLET,,,,0,
I-KU-JU,2,TI-*28B,I-KU-JU-TI-*28B,1,1,ZAKROS,1,ZA SCRIBE 1,TABLET,,,,0,
I-KU-PA3-NA-TU,2,NA-TE,I-KU-PA3-NA-TU-NA-TE,1,1,APODOULOU,0,,STONE VESSEL,,,,0,
I-NA-JA,2,PA-QA,I-NA-JA-PA-QA,1,1,PALAIKASTRO,0,,STONE VESSEL,,,,0,
I-NA-TA-I-ZU-DI,2,SI-KA,I-NA-TA-I-ZU-DI-SI-KA,1,1,IOUKTAS,0,,STONE VESSEL,,,,0,
I-PA,2,SA-JA,I-PA-SA-JA,1,1,KHANIA,1,KH SCRIBE 5,TABLET,,,,0,
I-PI,2,NA-MA,I-PI-NA-MA,2,2,KOPHINAS|TROULLOS,0,,STONE VESSEL,,,,0,
I-PI-NA,2,MI-NA,I-PI-NA-MI-NA,1,1,PALAIKASTRO,0,,STONE VESSEL,,,,0,
I-SA,2,RI-KE,I-SA-RI-KE,1,1,PHAISTOS,0,,TABLET,,,,0,
I-TI,2,NI-SA,I-TI-NI-SA,1,1,ZAKROS,1,ZA SCRIBE 5,TABLET,,,,0,
I-TI-TI,2,KU-NI,I-TI-TI-KU-NI,1,1,HAGHIA TRIADA,1,HT SCRIBE 8,TABLET,,,,0,
I-ZU-RI,2,NI-TA,I-ZU-RI-NI-TA,1,1,PHAISTOS,0,,TABLET,,,,0,
JA-DI,2,KI-TU,JA-DI-KI-TU,1,1,IOUKTAS,0,,STONE VESSEL,,,,0,
JA-DI-KI-TE-TE-*307,2,PU2-RE,JA-DI-KI-TE-TE-*307-PU2-RE,1,1,PALAIKASTRO,0,,STONE VESSEL,,,,0,
JA-DI-KI-TE-TE-DU,2,PU2-RE,JA-DI-KI-TE-TE-DU-PU2-RE,1,1,PALAIKASTRO,0,,STONE VESSEL,,,,0,
JA-DU,2,RA-TI,JA-DU-RA-TI,1,1,KNOSSOS,0,,TABLET,,,,0,
JA-I,2,NWA-ZA,JA-I-NWA-ZA,1,1,SYME,0,,STONE VESSEL,,,,0,
JA-KI-SI,2,KI-NU,JA-KI-SI-KI-NU,1,1,ARKHALKHORI,0,,METAL OBJECT,,,,0,
JA-MA,2,U-TI,JA-MA-U-TI,1,1,MALIA,0,,3-SIDED BAR,,,,0,
JA-MI,2,DA-RE,JA-MI-DA-RE,1,1,HAGHIA TRIADA,1,HT SCRIBE 9,TABLET,,,,0,
JA-PA-RA,2,JA-SE,JA-PA-RA-JA-SE,1,1,SYME,0,,STONE VESSEL,,,,0,
JA-SA-RA-A,2,NA-NE,JA-SA-RA-A-NA-NE,1,1,KNOSSOS,0,,INKED INSCRIPTION,,,,0,
JA-SA-SA,2,RA-ME,JA-SA-SA-RA-ME,7,5,IOUKTAS|PALAIKASTRO|PLATANOS|PSYKHRO|TROULLOS,1,PS SCRIBE 1,METAL OBJECT|STONE VESSEL,,,,0,
JA-SA-U-NA-KA,2,NA-SI,JA-SA-U-NA-KA-NA-SI,1,1,PALAIKASTRO,0,,STONE VESSEL,,,,0,
JA-TA-I-*301,2,U-JA,JA-TA-I-*301-U-JA,1,1,APODOULOU,0,,STONE VESSEL,,,,0,
JA-TI,2,TU-KU,JA-TI-TU-KU,1,1,LARANI,0,,CLAY VESSEL,,,,0,
JU-KU-NA-PA-KU-NU-U,2,I-ZU,JU-KU-NA-PA-KU-NU-U-I-ZU,1,1,KNOSSOS,0,,INKED INSCRIPTION,,,,0,
KA-A,2,SI-TE,KA-A-SI-TE,1,1,THERA,0,,CLAY VESSEL,,,,0,
KA-DU,2,MA-NE,KA-DU-MA-NE,1,1,HAGHIA TRIADA,0,,TABLET,,,,0,
KA-KU,2,NE-TE,KA-KU-NE-TE,1,1,ZAKROS,1,ZA SCRIBE 4,TABLET,,,,0,
KA-NA,2,NI-TI,KA-NA-NI-TI,1,1,KHANIA,0,,ROUNDEL,,,,0,
KA-NI,2,JA-MI,KA-NI-JA-MI,1,1,CRETE,0,,METAL OBJECT,,,,0,
KA-RI,2,*310-I,KA-RI-*310-I,1,1,HAGHIA TRIADA,0,,TABLET,,,,0,
KA-SI,2,A-TE,KA-SI-A-TE,1,1,KNOSSOS,0,,ARCHITECTURE,,,,0,
KA-U,2,DE-TA,KA-U-DE-TA,1,1,HAGHIA TRIADA,1,HT SCRIBE 8,TABLET,,,,0,
KA-U,2,ZU-NI,KA-U-ZU-NI,1,1,HAGHIA TRIADA,1,HT SCRIBE 3,TABLET,,,,0,
KI-DE-MA,2,*323-NA,KI-DE-MA-*323-NA,1,1,HAGHIA TRIADA,1,HT SCRIBE 12,TABLET,,,,0,
KI-KI,2,RA-JA,KI-KI-RA-JA,1,1,HAGHIA TRIADA,1,HT SCRIBE 9,TABLET,,,,0,
KI-RE,2,TA-NA,KI-RE-TA-NA,3,1,HAGHIA TRIADA,2,HT SCRIBE 2|HT SCRIBE 6,TABLET,,,,0,
KI-TA,2,NI-TE,KI-TA-NI-TE,1,1,PALAIKASTRO,0,,CLAY VESSEL,,,,0,
KO-SA,2,I-TI,KO-SA-I-TI,1,1,HAGHIA TRIADA,1,HT SCRIBE 9,TABLET,,,,0,
KU-KU,2,DA-RA,KU-KU-DA-RA,1,1,HAGHIA TRIADA,1,HT SCRIBE 9,TABLET,,,,0,
KU-MI,2,NA-QE,KU-MI-NA-QE,1,1,HAGHIA TRIADA,0,,ROUNDEL,,,,0,
KU-PA3,2,NA-TU,KU-PA3-NA-TU,2,1,HAGHIA TRIADA,2,HT SCRIBE 14|HT SCRIBE 9,TABLET,,,,1,I-KU-PA3-NA-TU-NA-TE
KU-PA3,2,RI-JA,KU-PA3-RI-JA,1,1,HAGHIA TRIADA,0,,TABLET,,,,0,
KU-TU,2,KO-RE,KU-TU-KO-RE,1,1,ZAKROS,1,ZA SCRIBE 2,TABLET,,,,0,
MA-KA,2,I-SE,MA-KA-I-SE,1,1,ZAKROS,1,ZA SCRIBE 2,TABLET,,,,0,
MA-KA,2,I-TA,MA-KA-I-TA,2,2,PALAIKASTRO|ZAKROS,1,ZA SCRIBE 1,TABLET,,,,0,
MA-KA,2,RI-TE,MA-KA-RI-TE,2,1,HAGHIA TRIADA,1,HT SCRIBE 9,TABLET,,,,0,
MA-KI,2,DE-TE,MA-KI-DE-TE,1,1,ZAKROS,1,ZA SCRIBE 4,TABLET,,,,0,
MA-RI,2,RE-I,MA-RI-RE-I,1,1,HAGHIA TRIADA,0,,TABLET,,,,0,
MA-TI-ZA,2,I-TE,MA-TI-ZA-I-TE,1,1,PALAIKASTRO,0,,TABLET,,,,0,
MI-DA,2,MA-RA2,MI-DA-MA-RA2,1,1,ARKHALKHORI,0,,METAL OBJECT,,,,0,
MI-KI,2,SE-NA,MI-KI-SE-NA,1,1,HAGHIA TRIADA,1,HT SCRIBE 3,TABLET,,,,0,
MI-RU-TA,2,RA-RE,MI-RU-TA-RA-RE,1,1,HAGHIA TRIADA,1,HT SCRIBE 9,TABLET,,,,0,
NA-*21F-NE,2,MI-NA,NA-*21F-NE-MI-NA,1,1,HAGHIA TRIADA,1,HT SCRIBE 8,TABLET,,,,0,
NA-MA-MA-TI,2,TI-*904,NA-MA-MA-TI-TI-*904,1,1,HAGHIA TRIADA,0,,GRAFFITO,,,,0,
NA-TU,2,*301-NE,NA-TU-*301-NE,1,1,SKOTEINO CAVE,0,,INKED INSCRIPTION,,,,0,
O-KA-MI-ZA-SI,2,I-NA,O-KA-MI-ZA-SI-I-NA,1,1,PALAIKASTRO,0,,TABLET,,,,0,
O-RA2,2,DI-NE,O-RA2-DI-NE,1,1,HAGHIA TRIADA,0,,TABLET,,,,0,
O-SU,2,QA-RE,O-SU-QA-RE,1,1,TROULLOS,0,,STONE VESSEL,,,,0,
O-TA-NI,2,ZA-SE,O-TA-NI-ZA-SE,1,1,ZAKROS,1,ZA SCRIBE 1,TABLET,,,,0,
PA-DA,2,SU-TI,PA-DA-SU-TI,1,1,HAGHIA TRIADA,1,HT SCRIBE 5,TABLET,,,,0,
PA-SA,2,RI-JA,PA-SA-RI-JA,1,1,HAGHIA TRIADA,0,,TABLET,,,,0,
PA-TA-DA-DU,2,PU2-RE,PA-TA-DA-DU-PU2-RE,1,1,HAGHIA TRIADA,0,,CLAY VESSEL,,,,0,
PA3-KA,2,RA-TI,PA3-KA-RA-TI,1,1,HAGHIA TRIADA,1,HT SCRIBE 2,TABLET,,,,0,
PI-MI-TA,2,TI-RA2,PI-MI-TA-TI-RA2,1,1,TROY,0,,STONE OBJECT,,,,0,
PI-RU,2,E-JU,PI-RU-E-JU,1,1,PHAISTOS,0,,TABLET,,,,0,
PI-TA,2,KA-SE,PI-TA-KA-SE,1,1,HAGHIA TRIADA,1,HT SCRIBE 22,TABLET,,,,0,
PI-TA,2,KE-SI,PI-TA-KE-SI,1,1,HAGHIA TRIADA,1,HT SCRIBE 9,TABLET,,,,0,
PO-TO,2,KU-RO,PO-TO-KU-RO,1,1,HAGHIA TRIADA,1,HT SCRIBE 9,TABLET,,,,0,
PU-NI,2,KA-*363,PU-NI-KA-*363,1,1,ZAKROS,0,,TABLET,,,,0,
QA-*118,2,RA-RE,QA-*118-RA-RE,1,1,HAGHIA TRIADA,1,HT SCRIBE 8,TABLET,,,,0,
QA-KI-SE,2,NU-TI,QA-KI-SE-NU-TI,1,1,CRETE,0,,METAL OBJECT,,,,0,
QA-MI-*47,2,NA-RA,QA-MI-*47-NA-RA,1,1,KNOSSOS,0,,METAL OBJECT,,,,0,
QA-SA,2,RA-KU,QA-SA-RA-KU,1,1,SYME,0,,STONE VESSEL,,,,0,
QA-TI,2,DA-TE,QA-TI-DA-TE,1,1,HAGHIA TRIADA,1,HT SCRIBE 11,TABLET,,,,0,
QE-DE,2,MI-NU,QE-DE-MI-NU,2,1,MALIA,0,,3-SIDED BAR,,,,0,
QE-SI,2,ZU-E,QE-SI-ZU-E,2,1,ZAKROS,2,ZA SCRIBE 1|ZA SCRIBE 5,TABLET,,,,0,
QE-TI,2,RA-DU,QE-TI-RA-DU,1,1,HAGHIA TRIADA,1,HT SCRIBE 8,TABLET,,,,0,
RA-KI,2,NI-SE,RA-KI-NI-SE,1,1,SYME,0,,CLAY VESSEL,,,,0,
RA-NA,2,TU-SU,RA-NA-TU-SU,1,1,PALAIKASTRO,0,,TABLET,,,,0,
RA-O,2,DI-KI,RA-O-DI-KI,1,1,PHAISTOS,0,,TABLET,,,,0,
RI-QE-TI-A-SA-SA,2,RA-*325,RI-QE-TI-A-SA-SA-RA-*325,1,1,POROS HERAKLEIOU,0,,INKED INSCRIPTION,,,,0,
RI-RU,2,MA-TI,RI-RU-MA-TI,1,1,PHAISTOS,0,,TABLET,,,,0,
RI-TA-MA,2,NU-WI,RI-TA-MA-NU-WI,1,1,HAGHIA TRIADA,1,HT SCRIBE 8,TABLET,,,,0,
RU-JA,2,TA-DI,RU-JA-TA-DI,1,1,HAGHIA TRIADA,1,HT WC SCRIBE 10,ROUNDEL,,,,0,
RU-MA,2,TA-SE,RU-MA-TA-SE,1,1,ZAKROS,1,ZA SCRIBE 3,TABLET,,,,0,
RU-PI,2,*305-MI,RU-PI-*305-MI,1,1,PETRAS,0,,TABLET,,,,0,
SA-MI,2,DA-E,SA-MI-DA-E,1,1,ZAKROS,1,ZA SCRIBE 5,TABLET,,,,0,
SA-SA,2,RA-ME,SA-SA-RA-ME,2,2,KNOSSOS|PALAIKASTRO,0,,INKED INSCRIPTION|STONE VESSEL,,,,1,JA-SA-SA-RA-ME
SE-TO,2,I-JA,SE-TO-I-JA,1,1,PRASSA,0,,STONE VESSEL,,,,0,
SE-WA,2,AU-DE,SE-WA-AU-DE,1,1,ZAKROS,0,,LABEL,,,,0,
SI-DU-*34,2,KU-MI,SI-DU-*34-KU-MI,1,1,HAGHIA TRIADA,0,,TABLET,,,,0,
SI-RU-MA,2,RI-TA2,SI-RU-MA-RI-TA2,1,1,HAGHIA TRIADA,1,HT SCRIBE 2,TABLET,,,,0,
SI-SI-ZA,2,NE-*310,SI-SI-ZA-NE-*310,1,1,KNOSSOS,0,,METAL OBJECT,,,,0,
SI-TU,2,RA2-RE,SI-TU-RA2-RE,1,1,HAGHIA TRIADA,0,,TABLET,,,,0,
SU-KI,2,RI-TA,SU-KI-RI-TA,1,1,PHAISTOS,0,,NODULE,,,,0,
SU-KI-RI-TE,2,I-JA,SU-KI-RI-TE-I-JA,1,1,HAGHIA TRIADA,0,,CLAY VESSEL,,,,0,
TA-I-NU,2,MA-PA,TA-I-NU-MA-PA,1,1,ZAKROS,1,ZA SCRIBE 2,TABLET,,,,0,
TA-NA,2,MA-JE,TA-NA-MA-JE,1,1,PETRAS,0,,STONE OBJECT,,,,0,
TA-NA-I,2,*301-TI,TA-NA-I-*301-TI,1,1,PSYKHRO,1,PS SCRIBE 1,STONE VESSEL,,,,0,
TA-NA-I-*301-U,2,TI-NU,TA-NA-I-*301-U-TI-NU,1,1,IOUKTAS,0,,STONE VESSEL,,,,0,
TA-NA-RA-TE-U,2,TI-NU,TA-NA-RA-TE-U-TI-NU,1,1,IOUKTAS,0,,STONE VESSEL,,,,0,
TA-NA-SU,2,TE-KE,TA-NA-SU-TE-KE,1,1,PRASSA,0,,STONE VESSEL,,,,0,
TA-NU-NI,2,KI-NA,TA-NU-NI-KI-NA,1,1,PLATANOS,0,,METAL OBJECT,,,,0,
TA-TE-I-KE,2,ZA-RE,TA-TE-I-KE-ZA-RE,1,1,KNOSSOS,0,,METAL OBJECT,,,,0,
TE-ME,2,DA-I,TE-ME-DA-I,1,1,THERA,0,,TABLET,,,,0,
TE-SU-DE-SE,2,KE-I,TE-SU-DE-SE-KE-I,1,1,KNOSSOS,0,,METAL OBJECT,,,,0,
TI-DI-TE,2,QA-TI,TI-DI-TE-QA-TI,1,1,KNOSSOS,0,,METAL OBJECT,,,,0,
TI-MA-RU,2,WI-TE,TI-MA-RU-WI-TE,1,1,PYRGOS,0,,TABLET,,,,0,
TU-*21F,2,RI-NA,TU-*21F-RI-NA,1,1,HAGHIA TRIADA,1,HT SCRIBE 15,TABLET,,,,0,
TU-MI-TI,2,ZA-SE,TU-MI-TI-ZA-SE,1,1,ZAKROS,0,,TABLET,,,,0,
TU-PA,2,DI-DA,TU-PA-DI-DA,1,1,HAGHIA TRIADA,1,HT SCRIBE 6,TABLET,,,,0,
TU-RU-NU,2,SE-ME,TU-RU-NU-SE-ME,1,1,HAGHIA TRIADA,1,HT SCRIBE 9,TABLET,,,,0,
U-KA-RE-A-SE,2,SI-NA,U-KA-RE-A-SE-SI-NA,1,1,PETRAS,0,,TABLET,,,,0,
U-MI,2,NA-SI,U-MI-NA-SI,2,1,HAGHIA TRIADA,2,HT SCRIBE 13|HT SCRIBE 9,TABLET,,,,0,
U-NA-KA,2,NA-SI,U-NA-KA-NA-SI,4,3,IOUKTAS|KOPHINAS|PALAIKASTRO,0,,STONE VESSEL,,,,1,JA-SA-U-NA-KA-NA-SI
U-NA-RU-KA,2,JA-SI,U-NA-RU-KA-JA-SI,1,1,PALAIKASTRO,0,,STONE VESSEL,,,,0,
U-NA-RU-KA,2,NA-SI,U-NA-RU-KA-NA-SI,1,1,IOUKTAS,0,,STONE VESSEL,,,,0,
U-NA-RU-KA,2,NA-TI,U-NA-RU-KA-NA-TI,1,1,PALAIKASTRO,0,,STONE VESSEL,,,,0,
U-TA,2,I-SE,U-TA-I-SE,1,1,KHANIA,1,KH SCRIBE 2,TABLET,,,,0,
WA-DU,2,NI-MI,WA-DU-NI-MI,2,1,HAGHIA TRIADA,1,HT SCRIBE 9,TABLET,,,,0,
WA-PI-TI,2,NA-RA2,WA-PI-TI-NA-RA2,1,1,PHAISTOS,0,,CLAY VESSEL,,,,0,
WA-TU,2,MA-RE,WA-TU-MA-RE,1,1,HAGHIA TRIADA,1,HT SCRIBE 9,TABLET,,,,0,
WI-JA-SU-MA,2,TI-TI,WI-JA-SU-MA-TI-TI,1,1,HAGHIA TRIADA,0,,GRAFFITO,,,,0,
WI-RA-RE,2,MI-TE,WI-RA-RE-MI-TE,1,1,ZAKROS,0,,TABLET,,,,0,
WI-SA,2,SA-NE,WI-SA-SA-NE,1,1,KHANIA,1,KH SCRIBE 2,TABLET,,,,0,
WI-TE,2,JA-MU,WI-TE-JA-MU,1,1,PLATANOS,0,,METAL OBJECT,,,,0,
ZU-*301-SE-DE,2,*21F-*118,ZU-*301-SE-DE-*21F-*118,1,1,ARKHALKHORI,1,ARKH SCRIBE 1,TABLET,,,,0,
ZU-RI,2,NI-MA,ZU-RI-NI-MA,1,1,KNOSSOS,0,,CLAY VESSEL,,,,0,
