depth,stem,terminal_count,terminals,form_count,site_count,scribe_count,manual_ab_cells,containment_flagged_cells,forms
1,A-TA,3,*350|DE|RE,3,3,2,0,0,*350:A-TA-*350 | DE:A-TA-DE | RE:A-TA-RE[rejected]
1,I-DA,3,A|DA|MI,3,3,0,2,0,A:I-DA-A[B] | DA:I-DA-DA[C] | MI:I-DA-MI[A]
1,KU-PA,3,JA|RI|ZU,3,3,1,1,0,JA:KU-PA-JA[A] | RI:KU-PA-RI | ZU:KU-PA-ZU
1,SI-DA,3,RE|RO|TE,3,3,3,0,0,RE:SI-DA-RE | RO:SI-DA-RO | TE:SI-DA-TE
1,A-TA-I-*301-WA,2,E|JA,2,5,0,0,0,E:A-TA-I-*301-WA-E | JA:A-TA-I-*301-WA-JA
1,TI-TI,2,KU|MA,2,3,0,0,1,KU:TI-TI-KU[nested] | MA:TI-TI-MA
1,A-DA,2,RA|RO,2,2,0,1,0,RA:A-DA-RA[C] | RO:A-DA-RO[B]
1,A-MI-DA,2,O|U,2,2,1,0,0,O:A-MI-DA-O | U:A-MI-DA-U
1,A-RA,2,JU|TU,2,2,1,0,1,JU:A-RA-JU | TU:A-RA-TU[nested]
1,A-RI,2,PA|SU,2,2,1,0,0,PA:A-RI-PA[C] | SU:A-RI-SU[C]
1,A-TA-NA,2,JE|TE,2,2,1,0,0,JE:A-TA-NA-JE | TE:A-TA-NA-TE[rejected]
1,DA-NA,2,SI|TU,2,2,0,0,0,SI:DA-NA-SI | TU:DA-NA-TU
1,DI-NA,2,RO|U,2,2,2,0,0,RO:DI-NA-RO[rejected] | U:DI-NA-U
1,JA-SA,2,JA|MU,2,2,1,0,0,JA:JA-SA-JA[rejected] | MU:JA-SA-MU
1,JA-WA,2,PA3|PI,2,2,0,0,0,PA3:JA-WA-PA3 | PI:JA-WA-PI
1,KI-RE,2,TA2|ZA,2,2,2,0,0,TA2:KI-RE-TA2 | ZA:KI-RE-ZA
1,KI-RI,2,SI|TA2,2,2,1,0,0,SI:KI-RI-SI | TA2:KI-RI-TA2
1,KU-NI,2,SU|TE,2,2,1,0,0,SU:KU-NI-SU[rejected] | TE:KU-NI-TE[rejected]
1,KU-PA3,2,NU|PA3,2,2,3,0,0,NU:KU-PA3-NU | PA3:KU-PA3-PA3
1,MA-KA-I,2,SE|TA,2,2,2,0,0,SE:MA-KA-I-SE | TA:MA-KA-I-TA
1,MI-DA,2,NI|RA,2,2,1,1,0,NI:MI-DA-NI | RA:MI-DA-RA[B]
1,PA3-NI,2,NA|WI,2,2,1,1,0,NA:PA3-NI-NA | WI:PA3-NI-WI[B]
1,QA-QA,2,DA|RU,2,2,3,0,0,DA:QA-QA-DA | RU:QA-QA-RU
1,QA-TI,2,JU|KI,2,2,1,0,0,JU:QA-TI-JU | KI:QA-TI-KI
1,TA-NA,2,TE|TI,2,2,2,0,1,TE:TA-NA-TE[nested] | TI:TA-NA-TI
1,U-NA,2,A|NA,2,2,0,0,0,A:U-NA-A | NA:U-NA-NA
1,U-NA-RU-KA-NA,2,SI|TI,2,2,0,0,0,SI:U-NA-RU-KA-NA-SI | TI:U-NA-RU-KA-NA-TI
1,DA-TA,2,RA|RE,2,1,1,0,0,RA:DA-TA-RA | RE:DA-TA-RE
1,KI-DA,2,RO|TA,2,1,2,0,0,RO:KI-DA-RO[rejected] | TA:KI-DA-TA
1,KU-RU,2,KU|MA,2,1,2,0,0,KU:KU-RU-KU | MA:KU-RU-MA
1,PI-TA,2,JA|RA,2,1,1,0,0,JA:PI-TA-JA | RA:PI-TA-RA
1,QE-RA2,2,JA|U,2,1,1,0,0,JA:QE-RA2-JA | U:QE-RA2-U
1,SI-KI,2,NE|RA,2,1,1,0,1,NE:SI-KI-NE | RA:SI-KI-RA[nested]
2,A-TA-I-*301,3,DE-KA|WA-E|WA-JA,3,6,0,0,0,DE-KA:A-TA-I-*301-DE-KA | WA-E:A-TA-I-*301-WA-E | WA-JA:A-TA-I-*301-WA-JA
2,MA-KA,3,I-SE|I-TA|RI-TE,3,3,3,0,0,I-SE:MA-KA-I-SE | I-TA:MA-KA-I-TA | RI-TE:MA-KA-RI-TE
2,A-RA,3,NA-RE|TU-ME|U-DA,3,2,2,0,0,NA-RE:A-RA-NA-RE | TU-ME:A-RA-TU-ME | U-DA:A-RA-U-DA
2,U-NA-RU-KA,3,JA-SI|NA-SI|NA-TI,3,2,0,0,0,JA-SI:U-NA-RU-KA-JA-SI | NA-SI:U-NA-RU-KA-NA-SI | NA-TI:U-NA-RU-KA-NA-TI
2,A-MI,2,DA-O|DA-U,2,2,1,0,0,DA-O:A-MI-DA-O | DA-U:A-MI-DA-U
2,A-RE,2,DA-I|SA-NA,2,2,0,0,0,DA-I:A-RE-DA-I | SA-NA:A-RE-SA-NA
2,A-SA,2,DA-KA|MU-NE,2,2,0,0,0,DA-KA:A-SA-DA-KA | MU-NE:A-SA-MU-NE
2,A-SI,2,JA-KA|KI-RA,2,2,2,0,0,JA-KA:A-SI-JA-KA | KI-RA:A-SI-KI-RA
2,A-TA,2,NA-JE|NA-TE,2,2,1,0,0,NA-JE:A-TA-NA-JE | NA-TE:A-TA-NA-TE
2,DA-DU,2,MA-TA|MI-NE,2,2,0,0,0,MA-TA:DA-DU-MA-TA | MI-NE:DA-DU-MI-NE
2,DI-DI,2,KA-SE|ZA-KE,2,2,1,0,0,KA-SE:DI-DI-KA-SE | ZA-KE:DI-DI-ZA-KE
2,A-SU,2,MI-*118|PU-WA,2,1,1,0,0,MI-*118:A-SU-MI-*118 | PU-WA:A-SU-PU-WA
2,KA-U,2,DE-TA|ZU-NI,2,1,2,0,0,DE-TA:KA-U-DE-TA | ZU-NI:KA-U-ZU-NI
2,KU-PA3,2,NA-TU|RI-JA,2,1,2,0,1,NA-TU:KU-PA3-NA-TU[nested] | RI-JA:KU-PA3-RI-JA
2,PI-TA,2,KA-SE|KE-SI,2,1,2,0,0,KA-SE:PI-TA-KA-SE | KE-SI:PI-TA-KE-SI
