commentary_id,form,left_insecure,right_insecure,source_files,evidence
2,PA-TA-DA,no,yes,2.html,NU SI+AU-RE 1 A.3-4 PA-TA-DA[ ] 1 A.4 KU-RO CAPM+
APZa2,I-KU-PA,yes,no,APZa2.html,NA-MA [ • • • • • • ] I-KU-PA 3-NA-TU-NA-TE [ .2: || .1: GORILA PERHAPS: ] I-KU-PA 3-NA-TU-NA-TE[. CF.
APZa2,I-NA-JA-RE-TA,no,yes,APZa2.html, .2: ]PI-MI-NA-TE • I-NA-JA-RE-TA [ • • • ]-QA • .1: GO || 2. I-]PI-MI-NA-TE • I-NA-JA-RE-TA [ ]QA • : 1. INVOCATI || 2. I-]PI-MI-NA-TE • I-NA-JA-RE-TA [ ]QA • COMMENTARY © 
APZa2,I-PI-NA-MA,no,yes,APZa2.html,LM I]) .1: ]NA-SI • I-PI-NA-MA [ • • • • • • ] I-KU-
APZa2,NA-SI,yes,no,APZa2.html, [MM III-LM I]) .1: ]NA-SI • I-PI-NA-MA [ • •  || SA-SA-RA U-NA-RU-KA-]NA-SI • : 2. I-]PI-MI-NA-
APZa2,NA-TU-NA-TE,no,yes,APZa2.html,• • • • ] I-KU-PA 3-NA-TU-NA-TE [ .2: ]PI-MI-NA-TE •  || ERHAPS: ] I-KU-PA 3-NA-TU-NA-TE[. CF. KU-PA3-NA-TU ( || PLACENAME]• KU-PA 3-NA-TU-NA-TE[ JA-SA-SA-RA U-NA-RU
APZa2,PI-MI,yes,no,APZa2.html,1-2; HT 119.3). .2: ]PI-MI OVER [[ ]]. JGY: IF
APZa2,PI-MI-NA-TE,yes,no,APZa2.html,3-NA-TU-NA-TE [ .2: ]PI-MI-NA-TE • I-NA-JA-RE-TA [ • || -KA-]NA-SI • : 2. I-]PI-MI-NA-TE • I-NA-JA-RE-TA [ ]
ARKH1,A-PA,no,yes,ARKH1.html,8 [ A.5 ]NE 2 J A.5 A-PA-[ A.6 ]MI-KI-SA-NE[ S
ARKH1,A-PA-RU,no,yes,ARKH1.html,VACANT A.5: PERHAPS A-PA-RU [ B.2: ] PA [ PREFERA
ARKH1,A-RA,no,yes,ARKH1.html,.1 ]KI[ A.2 ] • A.2 A-RA[ A.3 DEEST A.4 ]A-SU
ARKH1,A-SU-MI,yes,no,ARKH1.html,A-RA[ A.3 DEEST A.4 ]A-SU-MI-* 118 [ A.5 ]NE 2 J
ARKH1,MI-KI-SA-NE,yes,yes,ARKH1.html, 2 J A.5 A-PA-[ A.6 ]MI-KI-SA-NE[ SUPRA MUTILA SEPAR || 2 J A.5 A-PA-[ A.6 ]MI-KI-SA-NE[ SUPRA MUTILA SEPARA
ARKH1,PA-RE,yes,no,ARKH1.html,A MUTILA B.1 A[ B.1 ] PA-RE 3 [ B.2 ]PA 3 [ B.3
ARKH1,TA-PI,yes,no,ARKH1.html,NUMBER FRACTION A.1 ]TA-PI • A.1 QA [ A.1 ]KI[
ARKH2,QIF-*118,yes,no,ARKH2.html,BLY ZU-*301-SE-DE [•] QIF-*118 (CF. KH 88.1-2; THA
ARKH2,RU-MI,no,yes,ARKH2.html,5-6 A-SU-PU-WA 4 .6 RU-MI-[ .6 ] VEST. [ .3-4: 
ARKH2,ZU-*301-SE-DE,no,yes,ARKH2.html,T. [ .3-4: PROBABLY ZU-*301-SE-DE [•] QIF-*118 (CF. KH  ||  MIGUEL VALÉRIO) OR ZU-*301-SE-DE [•] QIF TALENT 6 COMM
ARKH3,KI-NU,yes,no,ARKH3.html,A.3 [[*317 2 ]] A.4 ]KI-NU GRA 13[ A.5 ] TE 2 
ARKH3,PI-PU,yes,no,ARKH3.html,]-JA-PI GRA 6 [ B.2 ]PI-PU 3 GRA 1 [ ] B.2 OLE
ARKH3,RI-KA-NE,yes,no,ARKH3.html,6 ] VACAT [ A.1 OR: ] RI-KA-NE. A.3 OR: ] NU ? B.1
ARKH4,DE-MI,yes,no,ARKH4.html,]-RE 10 B.2 U [ B.3 ]DE-MI 10 B.3 I-*47[ ] 9 B
ARKH4,DE-SU,no,yes,ARKH4.html, A-[•]-•-JU 4 A.3-4 DE-SU-[•]-*47-TE 5 A.4-5 PI
ARKH4,I-*47,no,yes,ARKH4.html,[ B.3 ]DE-MI 10 B.3 I-*47[ ] 9 B.4 A-KI-RO 3 B
ARKH4,NI-TA,no,yes,ARKH4.html, SUPRA MUTILA A.1 ]-NI-TA [ A.2 ]TA• RE 5 A.2-3
ARKH4,OVISF-RE,yes,no,ARKH4.html,FRA MUTILA B.2: OR: ]OVISF-RE COMMENTARY © JOHN Y
ARKH4,ZA-SI-ZU,no,yes,ARKH4.html,9 B.4 A-KI-RO 3 B.5 ZA-SI-ZU [ ] 3 INFRA MUTILA B.
ARKH6,TE-RI,yes,yes,ARKH6.html,A-NA-TU • .1 KU[ .2 ] TE-RI [ INFRA MUTILA COMM || NA-TU • .1 KU[ .2 ] TE-RI [ INFRA MUTILA COMMEN
ARZf2,I-DA-MA-TE,no,yes,ARZf2.html,LVER AX AR SCRIBE 2 I-DA-MA-TE[ ARKHANES I ONCE LIS
GO2,SE-SI,no,yes,GO2.html, V02. RE 1 [ ] V02. SE-SI[ V03. VEST. INF. MUT
HT103,DA-KU-SE-NE,no,yes,HT103.html,"• FIC 40 .2 PA 3 .2 DA-KU-SE-NE[ ] 6 J .3 *188 13 .4 || THE FOLLOWING: PA 3 DA-KU-SE-NE[ 6 J DA-KU-NA 1 KI-R || ""BALANCE"") 5 J PA 3 DA-KU-SE-NE[ 6 J DA-KU-NA 1 KI-R"
HT105,KA-PA,no,yes,HT105.html, NUMBER FRACTION .1 KA-PA[ .1 ] VEST. [ .2 ]VI
HT109,A-RA-JU-U-DE-ZA,yes,no,HT109.html,A-RA-JU 123 .4: CF. ]A-RA-JU-U-DE-ZA (HT 122B.3) COMMENT
HT11,A-RU-RA,no,yes,HT11.html,MBER FRACTION A.1-2 A-RU-RA-[•] ]3 A.2 KA-RO-NA 2
HT11,DE-NU,yes,no,HT11.html,I 3 A.5 TA 2 15 B.1 ] DE-NU B.1 RU-RA 2 B.2 * 8
HT11,DE-PA,yes,no,HT11.html,"R A.1-3, 3-4 B.1 OR:] DE-PA 3 B.1 OR: SA-RA 2 B"
HT111,QA-QA-RU,yes,no,HT111.html,A 8 A.2 QA-SA-[ A.3 ] QA-QA-RU 8 A.3 DI 1 4 [ A.4 
HT111,QA-RE,no,yes,HT111.html,NFRA MUTILA A.2 OR: QA-RE-[ COMMENTARY © JOHN Y
HT111,QA-SA,no,yes,HT111.html, [ A.2 ]QE-KA 8 A.2 QA-SA-[ A.3 ] QA-QA-RU 8 A.
HT111,QE-KA,yes,no,HT111.html,A A.1 ] VEST. [ A.2 ]QE-KA 8 A.2 QA-SA-[ A.3 ]
HT112,TU-PA,yes,yes,HT112.html,ON A.1 OVIS F [ A.2 ]TU-PA-[ A.3 ] VEST. [ INF || N A.1 OVIS F [ A.2 ]TU-PA-[ A.3 ] VEST. [ INFRA
HT113,RA-RI-DE,no,yes,HT113.html, NUMBER FRACTION .1 RA-RI-DE[ .2-3 ]WI-SA • [ ] 2
HT113,WI-SA,yes,no,HT113.html,N .1 RA-RI-DE[ .2-3 ]WI-SA • [ ] 2 [ ] .3 O 2 
HT115,A-I,no,yes,HT115.html,.3 *306-TU-JA 1 B.4 A-I-[••] 1 B.4 *634 {* 30
HT115,KU-TA,no,yes,HT115.html,4 {* 306 +MI} 1 B.4 KU-TA[ B.5-8 VACANT A.1: T
HT115,RI-SU-MA,no,yes,HT115.html,.5 KA-PO-RU 1 A.6 [[RI-SU-MA [ VEST. ]] A.7 [[ SU 
HT115,RI-SU-MA-NU,no,yes,HT115.html,I (SEE B.2) A.6 OR: RI-SU-MA-NU [ LINES A.1-9: PALIMP
HT122,*306-KI-TA,yes,no,HT122.html,I • *346 • VIR[ B.2 ]*306-KI-TA 2 7 [ B.3 ]A-RA-JU-
HT122,A-RA-JU,yes,no,HT122.html,PROBABLY BE READ AS ]A-RA-JU< • >U-DE-ZA; CF. A-
HT122,A-RA-JU-U-DE-ZA,yes,no,HT122.html,306-KI-TA 2 7 [ B.3 ]A-RA-JU-U-DE-ZA 2 B.3-4 QA-QA-RU 2 
HT122,RA-RI,yes,no,HT122.html,NUMBER FRACTION A.1 ]RA-RI • U-DE-ZA 2 [ A.2 ]
HT123,DU-SE,no,yes,HT123.html,"3020; PSI ZA 1 (188-DU-SE[, A VERBAL?). AN ALT"
HT123,KA-NA,no,yes,HT123.html,U-PA-DI-DA J L2 B.4 KA-NA [ B.4-5 ]SI-DU A B.5  || I-DA J L2 B.4 • B.4 KA-NA[ B.4-5 ]SI-DU B.5 DU
HT123,KI-RO,yes,no,HT123.html, OLIV 16 *308 4 A [ ]KI-RO J E A.6-7 DA-TU OLI
HT123,KU-RO,no,yes,HT123.html,3 J *308[[•]] A.8-9 KU-RO [ ] 2 5 H KI-RO 6 [ B
HT123,SI-DU,yes,no,HT123.html,2 B.4 KA-NA [ B.4-5 ]SI-DU A B.5 DU-MA-I-NA E  ||  • B.4 KA-NA[ B.4-5 ]SI-DU B.5 DU-MA-I-NA E F 
HT123+124,DU-SE,no,yes,HT123+124.html,"3020; PSI ZA 1 (188-DU-SE[, A VERBAL?). AN ALT"
HT123+124,KA-NA,no,yes,HT123+124.html,U-PA-DI-DA J L2 B.4 KA-NA [ B.4-5 ]SI-DU A B.5  || I-DA J L2 B.4 • B.4 KA-NA[ B.4-5 ]SI-DU B.5 DU
HT123+124,KI-RO,yes,no,HT123+124.html, OLIV 16 *308 4 A [ ]KI-RO J E A.6-7 DA-TU OLI
HT123+124,KU-RO,no,yes,HT123+124.html,3 J *308[[•]] A.8-9 KU-RO [ ] 2 5 H KI-RO 6 [ B
HT123+124,SI-DU,yes,no,HT123+124.html,2 B.4 KA-NA [ B.4-5 ]SI-DU A B.5 DU-MA-I-NA E  ||  • B.4 KA-NA[ B.4-5 ]SI-DU B.5 DU-MA-I-NA E F 
HT124,DU-SE,no,yes,HT124.html,"3020; PSI ZA 1 (188-DU-SE[, A VERBAL?). AN ALT"
HT124,KA-NA,no,yes,HT124.html,U-PA-DI-DA J L2 B.4 KA-NA [ B.4-5 ]SI-DU A B.5  || I-DA J L2 B.4 • B.4 KA-NA[ B.4-5 ]SI-DU B.5 DU
HT124,KI-RO,yes,no,HT124.html, OLIV 16 *308 4 A [ ]KI-RO J E A.6-7 DA-TU OLI
HT124,KU-RO,no,yes,HT124.html,3 J *308[[•]] A.8-9 KU-RO [ ] 2 5 H KI-RO 6 [ B
HT124,SI-DU,yes,no,HT124.html,2 B.4 KA-NA [ B.4-5 ]SI-DU A B.5 DU-MA-I-NA E  ||  • B.4 KA-NA[ B.4-5 ]SI-DU B.5 DU-MA-I-NA E F 
HT125,RE-TA,yes,no,HT125.html,EST. [ B.2 ] 20 B.3 ] RE-TA 2 GRA+PA {*574} 20  || B.3: UNDOUBTEDLY KI-] RE-TA 2 ; CF. HT 129.1 WI
HT125,SA-RA,yes,no,HT125.html,+MI {*622} 1 J[ A.4 ]SA-RA 2 GRA 2 A.4 OLE[ ] 
HT126,A-NA,no,yes,HT126.html,A-SI • *318 • [ A.2 A-NA-[•] 1 A.2 U [ A.3 ] J
HT127,*629-DA-*47-KU,no,yes,HT127.html,*304+PA-DA-*47-KU[ {*629-DA-*47-KU[} 1 B.1 ] VEST. [ B.
HT127,DA-*47-KU,no,yes,HT127.html,]*304+PA {*629} <•> DA-*47-KU[ B.4: KU-RO SEEMS TH
HT127,DU-NE-MI,yes,no,HT127.html,A A.1 ] VEST. [ A.2 ]DU-NE-MI 1 [ A.3 ]*304+PA-DA
HT127,PA-DA-*47-KU,no,yes,HT127.html,NE-MI 1 [ A.3 ]*304+PA-DA-*47-KU[ {*629-DA-*47-KU[} 1
HT128,MA-RI,no,yes,HT128.html,GRA+KU {*579} 4 A.4 MA-RI [ INFRA MUTILA B.1 VI
HT128,MI-TA,yes,no,HT128.html,+KU {*579} 12 [ A.3 ]MI-TA GRA+PA {*574} J[ ] 
HT129,RE-TA,yes,no,HT129.html," 2 , CF. HT 125B.3: ] RE-TA 2 WITH ALMOST IDENT"
HT130,KU-RO,yes,yes,HT130.html,T. [ .3 ] RA 2 [ .4 ] KU-RO [ _________________ ||  [ .3 ] RA 2 [ .4 ] KU-RO [ ___________________
HT131,PO-TO-KU-RO,no,yes,HT131.html,_______________ B.4 PO-TO-KU-RO [ ] 452 J[ A.2-3: I-Q
HT135,F-NE,no,yes,HT135.html,[ A.3 ] 1 A.3 NA-QI F-NE[ A.4 ] MI 2 B.1 ][••
HT135,MI-KA,no,yes,HT135.html,[ A.2 ]-MI-TU • A.2 MI-KA[ A.3 ] 1 A.3 NA-QI F
HT135,NE-MI-NA,yes,no,HT135.html,ON SUPRA MUTILA A.1 ] NE-MI-NA 10 [ A.2 ]-MI-TU • 
HT135,TA-NE,no,yes,HT135.html,.4 ] MI 2 B.1 ][••]-TA-NE[ B.2 2 B.3-4 VACANT  || T B.1 OR: ][•]-* 34-TA-NE[ COMMENTARY © JOHN Y
HT139,KA-RA,yes,no,HT139.html,A [ ] 1 .2 OLE J .3 ]KA-RA 2 [ INFRA MUTILA CO
HT139,PU-MA-KU,no,yes,HT139.html,UMBER FRACTION .1 ]-PU-MA-KU[ .2 ] GRA [ ] 1 .2 O
HT140,SI-NI,yes,yes,HT140.html," SI-NI RECURS ONCE, ]SI-NI-[ ON THE ZB 1. FINA || SI-NI RECURS ONCE, ]SI-NI-[ ON THE ZB 1. FINAL-"
HT140,U-*34-SI,no,yes,HT140.html, {*618} 1 J .2 • .2 U-*34-SI [•] .2 * 86-SI-*118-K || ATING KA WOULD MAKE U-*34-SI [•]-SI HERE PARALLEL 
HT141,A-RI,no,yes,HT141.html,RA MUTILA .1 ] 1 .1 A-RI-[ .2 ]RU-DI-[ INFRA M
HT141,RU-DI,yes,yes,HT141.html,.1 ] 1 .1 A-RI-[ .2 ]RU-DI-[ INFRA MUTILA COMM || 1 ] 1 .1 A-RI-[ .2 ]RU-DI-[ INFRA MUTILA COMMEN
HT154A,TU-ME-PA-JA,yes,yes,HT154A.html, NUMBER FRACTION .1 ] TU-ME-PA-JA [ .2 ] OLIV [ .2 ]G || UMBER FRACTION .1 ] TU-ME-PA-JA [ .2 ] OLIV [ .2 ]GRA
HT154C,NA-MI,yes,yes,HT154C.html,] 2 J[ .1 PROBABLY: ]NA-MI [ .2 OR: ] 2 J E I  ||  2 J[ .1 PROBABLY: ]NA-MI [ .2 OR: ] 2 J E I OR
HT154J,NU-I,yes,yes,HT154J.html,2 OR: ] NU-RE [ OR: ] NU-I [ COMMENTARY © JOHN || OR: ] NU-RE [ OR: ] NU-I [ COMMENTARY © JOHN Y
HT154J,NU-RE,yes,yes,HT154J.html,NFRA MUTILA A.2 OR: ] NU-RE [ OR: ] NU-I [ COMM || RA MUTILA A.2 OR: ] NU-RE [ OR: ] NU-I [ COMMEN
HT154J,NU-TE,yes,yes,HT154J.html,A A.1 ] VEST. [ A.2 ] NU-TE [ INFRA MUTILA SUPR || A.1 ] VEST. [ A.2 ] NU-TE [ INFRA MUTILA SUPRA 
HT2,KI-RE-TA-NA,yes,no,HT2.html,OLE+E {*613} 3 [ .3 ]KI-RE-TA-NA OLE+U {*610} 5 4 [ 
HT24,I-PA-SA-JA,no,yes,HT24.html,"[HT WC 3001, 3002], I-PA-SA-JA [KH 10.3]) SIDE B DEA"
HT24,PA-SE-JA,no,yes,HT24.html,"ICAL *PA-SA-RI (CF. PA-SE-JA [HT WC 3001, 3002], I"
HT25,DI-NA-U,no,yes,HT25.html, MUTILA A.1 ] 1 A.1 DI-NA-U [ A.2 ]RU-NI 1 A.2 U-
HT25,DU-RU-WI,no,yes,HT25.html, ] ZU-JU-PU 2 1 A.4 DU-RU-WI[ A.5 ] I-KI-RA 1 A.5
HT25,I-KI-RA,yes,no,HT25.html,1 A.4 DU-RU-WI[ A.5 ] I-KI-RA 1 A.5 PA 1 SUPRA MU
HT25,RU-NI,yes,no,HT25.html,1 A.1 DI-NA-U [ A.2 ]RU-NI 1 A.2 U-RE-WI 1 A.2
HT25,TU-QE-NU,no,yes,HT25.html,.3 A-RI-NI-TA 1 A.3 TU-QE-NU[ A.4 ] ZU-JU-PU 2 1 
HT25,ZU-JU-PU,yes,no,HT25.html,1 A.3 TU-QE-NU[ A.4 ] ZU-JU-PU 2 1 A.4 DU-RU-WI[ A
HT26,PA-RO-NI,yes,no,HT26.html,CUMENT B.2: PERHAPS ] PA-RO-NI OR ] TE-RO-NI B.4: 
HT26,TE-RO-NI,yes,no,HT26.html,"RHAPS ] PA-RO-NI OR ] TE-RO-NI B.4: HERE, THE TWO "
HT27,I-MI-SA-RA,yes,no,HT27.html,86 51 A.2 RE 20 A.3 ]I-MI-SA-RA 4 3 A.4 ]QE 21 A.4 
HT27,KI-*310,yes,no,HT27.html,1 A.4 KI-DA-[ A.4-5 ]KI-*310 • KU-* 305 [ A.5 ]S
HT27,KI-DA,no,yes,HT27.html, 4 3 A.4 ]QE 21 A.4 KI-DA-[ A.4-5 ]KI-*310 • KU
HT27,KI-DA-TE,no,yes,HT27.html, ] 4 0 A.4: PERHAPS KI-DA-TE [ A.6: VIR HAS A CROS
HT27,MI-DA,yes,no,HT27.html,10 B A.8 VINA 7 B.1 ]MI-DA • VINA+WA {*592} • 
HT27,SA-RA-DI,yes,no,HT27.html,10 • KU-* 305 [ A.5 ]SA-RA-DI 5 A.6 VIR 42 A.7 KU
HT29,DI-JA-I,yes,no,HT29.html, .2 PA-JA-RE 2 [ .3 ]DI-JA-I 2 .4 SA-* 323-MI 1 
HT3,DI-NA,yes,yes,HT3.html,ILA .1 ] MA-DI 2 .1 ] DI-NA-[ .2 QE-RA 2-JA[ .3 || A .1 ] MA-DI 2 .1 ] DI-NA-[ .2 QE-RA 2-JA[ .3 ]
HT3,KU-PA,yes,no,HT3.html,A 2-RE 5 .5 DI [ .6 ]KU-PA 3-NU 3 [ .7 MA-DI 2
HT3,MA-DI,yes,no,HT3.html,ION SUPRA MUTILA .1 ] MA-DI 2 .1 ] DI-NA-[ .2 Q
HT3,SI-TU-RA,yes,no,HT3.html,4 MU-RU 1 .4 RU[ .5 ]SI-TU-RA 2-RE 5 .5 DI [ .6 ]
HT3,SI-TU-RI-RE,yes,no,HT3.html,OR: QE-RI-JA .5 OR: ]SI-TU-RI-RE COMMENTARY © JOHN Y
HT31,PA-TA-DA,no,yes,HT31.html,E[ ON HT ZB 160 AND PA-TA-DA[ ON PH? 31A.4 4. SA-
HT31,SA-JA-TI,yes,no,HT31.html,"RE, BUT COMPARE CF. ]SA-JA-TI (HT 39.3), WRITTEN "
HT37,RE-SU,yes,yes,HT37.html,• .1 KA-KI • SU[ .2 ]RE-SU[ .2 ] VEST. [ .3 ]  ||  .1 KA-KI • SU[ .2 ]RE-SU[ .2 ] VEST. [ .3 ] 6
HT39,KU-RE,no,yes,HT39.html, .3 ]SA-MA-TI 10 .3 KU-RE [ .4 VACAT [ .5 ]KU-R
HT39,KU-RE-JU,yes,no,HT39.html,1 TA-I-*123 10 [ .2 ]KU-RE-JU 8 .2 KU[ .3 ]SA-MA-
HT39,KU-RO,yes,no,HT39.html,-RE [ .4 VACAT [ .5 ]KU-RO *407VAS+A {*657} 10
HT39,SA-MA-TI,yes,no,HT39.html,"U-RE-JU 8 .2 KU[ .3 ]SA-MA-TI 10 .3 KU-RE [ .4 VA || A.4-5, B.4. .3: FOR ]SA-MA-TI , CF. SA-JA-MA (HT "
HT4,*306-TI-KA-A-RE,no,yes,HT4.html,N SUPRA MUTILA .1 ]-*306-TI-KA-A-RE [ .2 ]-DU-RI-TE 2 .3 
HT4,PA-RE,no,yes,HT4.html, .2 ]-DU-RI-TE 2 .3 PA-RE[ .4 ]TA-PI-SI-DI 2 .
HT4,SI-RE,no,yes,HT4.html,-TE POSSIBLE .2 OR: SI-RE[ COMMENTARY © JOHN Y
HT4,SU-DU-RI-TE,yes,no,HT4.html,R: ] TA-DU-RI-TE OR ] SU-DU-RI-TE POSSIBLE .2 OR: SI-
HT4,TA-DU-RI-TE,yes,no,HT4.html,A-PI-SI-DI 2 .2 OR: ] TA-DU-RI-TE OR ] SU-DU-RI-TE PO
HT4,TA-PI-SI-DI,yes,no,HT4.html,I-TE 2 .3 PA-RE[ .4 ]TA-PI-SI-DI 2 .2 OR: ] TA-DU-RI
HT40,KU-RO,no,yes,HT40.html,A-TA • GRA[] 134 .3 KU-RO [ .4 ]KU[ INFRA MUTIL
HT41,QE-TU,yes,no,HT41.html,A A.1 ] VEST. [ A.2 ]QE-TU 10 A.3 *305 • *304 
HT42,SU-DU,no,yes,HT42.html, OLE+MI {*622} 2 .5 SU-DU[ .6-7 ]-RE-TU OLE+KI
HT42[+]59,SU-DU,no,yes,HT42[+]59.html, OLE+MI {*622} 2 .5 SU-DU[ .6-7 ]-RE-TU OLE+KI
HT45,SI-JA-SE,no,yes,HT45.html,"SECOND SIGN IS JA (-SI-JA-SE [TWICE],-SI-JA-KA). S"
HT46,KU-RO,yes,no,HT46.html, A.1 ]MU-RU 1 [ A.2 ]KU-RO 43 J B.1 ] VEST. [ 
HT46,MU-RU,yes,no,HT46.html,"N"" SUPRA MUTILA A.1 ]MU-RU 1 [ A.2 ]KU-RO 43 J"
HT47,KI-DA-RO,no,yes,HT47.html,[ A.3-4 ] PI 10 A.4 KI-DA-RO [ ] VEST. [ A.5 ] 5 A
HT47,RA-NA-RE,yes,yes,HT47.html, A.6 ]-MI-NU-MI B.1 ]RA-NA-RE[ B.2-6 DESUNT B.1:  || A.6 ]-MI-NU-MI B.1 ]RA-NA-RE[ B.2-6 DESUNT B.1: C
HT49,I-KI,yes,yes,HT49.html,MUTILA B.1 ]KU[ B.2 ] I-KI [ B.2 ]TA[ [[ _____ || TILA B.1 ]KU[ B.2 ] I-KI [ B.2 ]TA[ [[ _______
HT49,QA-RA,yes,no,HT49.html,PLE BY NAME A.1 OR: ] QA-RA 2-DU THE RULINGS IM
HT49,SI-RA,yes,no,HT49.html,[ A.5 ] VEST. [ A.5 ] SI-RA 1 A.6 A-RU 1 A.6 [•
HT49,TA-NA-TI,yes,no,HT49.html,1 [•]-RA 2-DU [ A.2 ] TA-NA-TI • 1 [ A.3 ] VEST. [
HT5,MA-SI,yes,no,HT5.html,MUTILA .1 ]*307[ .2 ] MA-SI 30 [ .3 ]-WI-DU 10 
HT51,KU-ME-TA,yes,no,HT51.html, [ INFRA MUTILA B.1 ]KU-ME-TA 1 2 [ B.2 ] ZU-DU J
HT51,TI-NI,no,yes,HT51.html,A [ A.2 ] SE 64 A.2 TI-NI[ A.3 ] RE [ INFRA MU
HT51,ZU-DU,yes,no,HT51.html,]KU-ME-TA 1 2 [ B.2 ] ZU-DU J F B.2 SI[ B.2 ] V
HT52,DI-KA-KI,no,yes,HT52.html, TE • [ A.2 ] 4 A.2 DI-KA-KI [ A.3 ] VEST. [ INFRA
HT52,DI-KA-TU,no,yes,HT52.html, ZA 10B.3-4 A.2 OR: DI-KA-TU [ COMMENTARY © JOHN Y
HT53,KU-RE,yes,yes,HT53.html,[ B.3 ] VEST. [ B.4 ] KU-RE [ INFRA MUTILA COMM || B.3 ] VEST. [ B.4 ] KU-RE [ INFRA MUTILA COMMEN
HT53,SA-NE,yes,yes,HT53.html,ON SUPRA MUTILA A.1 ] SA-NE [ A.2 ] VEST. [ A.3 ||  SUPRA MUTILA A.1 ] SA-NE [ A.2 ] VEST. [ A.3 ]
HT54,KI-MI-RA,yes,no,HT54.html,2 ]KU-MI-NA-QE[ A.3 ] KI-MI-RA 2 [ INFRA MUTILA B.
HT54,KU-MI-NA-QE,yes,yes,HT54.html,A A.1 ] VEST. [ A.2 ]KU-MI-NA-QE[ A.3 ] KI-MI-RA 2 [ ||  A.1 ] VEST. [ A.2 ]KU-MI-NA-QE[ A.3 ] KI-MI-RA 2 [ 
HT54,SI-NA,yes,yes,HT54.html,NFRA MUTILA A.1 OR: ] SI-NA [ OR: ] SI 1 COMMEN || RA MUTILA A.1 OR: ] SI-NA [ OR: ] SI 1 COMMENTA
HT55,KI-RO,yes,no,HT55.html,NUMBER FRACTION A.1 ] KI-RO • A.1 MA-RE 1 [ A.2
HT55,NE-KU,no,yes,HT55.html,MUTILA A.2 PERHAPS: NE-KU [ COMMENTARY © JOHN Y
HT55,RI-JA,yes,no,HT55.html,]-TE 1 B.1 QE [ B.2 ]RI-JA 1 B.2 I-[ B.3 ] VES
HT57,DA-QE-RA,no,yes,HT57.html,NUMBER FRACTION A.1 DA-QE-RA[ A.1 ] 1 A.2 A[ A.3 
HT58,U-KI,yes,yes,HT58.html,3} 3 .3 OLIV 4 1 .4 ]U-KI [ INFRA MUTILA .1 O || } 3 .3 OLIV 4 1 .4 ]U-KI [ INFRA MUTILA .1 OR:
HT59,SU-DU,no,yes,HT59.html, OLE+MI {*622} 2 .5 SU-DU[ .6-7 ]-RE-TU OLE+KI
HT6,MA-RI,no,yes,HT6.html,.2 RA-TI-SE 1 B.2-3 MA-RI-[•]-I 3 B.4 DU-DA-MA 
HT61,MI-TI,yes,no,HT61.html,ION SUPRA MUTILA .1 ] MI-TI • GRA+KU {*579} 6 [
HT62,IB-TI,no,yes,HT62.html,-KU 4 [ .3 ] 1 8 .3 IB-TI-[•] 6 .3 DI[ .4 ] 4 E
HT62,PA-I-KI,no,yes,HT62.html,KU[ .2 ] • ] 1 [ .2 PA-I-KI[ .3 ] 8 .3 SA-RO-QE[
HT62,SA-RA,yes,no,HT62.html,BER FRACTION .1 [•-•]SA-RA • TE • VINA [ .2 ][
HT62,SA-RO-QE,no,yes,HT62.html, PA-I-KI[ .3 ] 8 .3 SA-RO-QE[ .4 ] 28 .5 ] VEST. 
HT62[+]73,IB-TI,no,yes,HT62[+]73.html,-KU 4 [ .3 ] 1 8 .3 IB-TI-[•] 6 .3 DI[ .4 ] 4 E
HT62[+]73,PA-I-KI,no,yes,HT62[+]73.html,KU[ .2 ] • ] 1 [ .2 PA-I-KI[ .3 ] 8 .3 SA-RO-QE[
HT62[+]73,SA-RA,yes,no,HT62[+]73.html,BER FRACTION .1 [•-•]SA-RA • TE • VINA [ .2 ][
HT62[+]73,SA-RO-QE,no,yes,HT62[+]73.html, PA-I-KI[ .3 ] 8 .3 SA-RO-QE[ .4 ] 28 .5 ] VEST. 
HT64,KU-ZU-NA,yes,yes,HT64.html, NUMBER FRACTION .1 ]KU-ZU-NA[ .2 ]NA 2 .2 RU-MA[ || NUMBER FRACTION .1 ]KU-ZU-NA[ .2 ]NA 2 .2 RU-MA[ 
HT64,RU-MA,no,yes,HT64.html,-ZU-NA[ .2 ]NA 2 .2 RU-MA[ .3 VACAT .4 ] 3 .4 
HT66,TA-MI,yes,yes,HT66.html,.2 ]DI 2 .2 TA-[ .3 ]TA-MI[ .4 ]RE 1 INFRA MUT || 2 ]DI 2 .2 TA-[ .3 ]TA-MI[ .4 ]RE 1 INFRA MUTI
HT67,KU-RO,yes,no,HT67.html,ILA .1 ] VEST. [ .2 ]KU-RO 4 2 0 [ .3 ] FIC • 
HT69,MA-DI,yes,no,HT69.html,.1 ] 5 .1 DI 8 [ .2 ]MA-DI 4 [ .3 ]DI 12 [ INF
HT72,SI-VIR,no,yes,HT72.html, NUMBER FRACTION .1 SI-VIR-[•][ .2 ] VEST. [ INF
HT73,IB-TI,no,yes,HT73.html,-KU 4 [ .3 ] 1 8 .3 IB-TI-[•] 6 .3 DI[ .4 ] 4 E
HT73,PA-I-KI,no,yes,HT73.html,KU[ .2 ] • ] 1 [ .2 PA-I-KI[ .3 ] 8 .3 SA-RO-QE[
HT73,SA-RA,yes,no,HT73.html,BER FRACTION .1 [•-•]SA-RA • TE • VINA [ .2 ][
HT73,SA-RO-QE,no,yes,HT73.html, PA-I-KI[ .3 ] 8 .3 SA-RO-QE[ .4 ] 28 .5 ] VEST. 
HT74,KU-RO,yes,no,HT74.html,ILA .1 ] VEST. [ .2 ]KU-RO 20 [ INFRA MUTILA C
HT75,KA-RU,no,yes,HT75.html, NUMBER FRACTION 1. KA-RU[ ___________________
HT79,KU-NI,yes,yes,HT79.html,1 [ .2 ]TU-[•] 3 .3 ]KU-NI[ .3 ] ZU 3 INFRA MU ||  [ .2 ]TU-[•] 3 .3 ]KU-NI[ .3 ] ZU 3 INFRA MUT
HT79,TU-PA-RI,yes,no,HT79.html,A • .1 DA-PA 3 [ .2 ]TU-PA-RI 1 [ .2 ]TU-[•] 3 .3
HT79[+]83,KU-NI,yes,yes,HT79[+]83.html,1 [ .2 ]TU-[•] 3 .3 ]KU-NI[ .3 ] ZU 3 INFRA MU ||  [ .2 ]TU-[•] 3 .3 ]KU-NI[ .3 ] ZU 3 INFRA MUT
HT79[+]83,TU-PA-RI,yes,no,HT79[+]83.html,A • .1 DA-PA 3 [ .2 ]TU-PA-RI 1 [ .2 ]TU-[•] 3 .3
HT8,SE-PU-*188,yes,no,HT8.html," B.1: CF. PSI ZA 1: ] SE-PU-*188, RETROGRADE NEW LIS"
HT80,JU-RA,yes,yes,HT80.html,ION SUPRA MUTILA .1 ]JU-RA[ .2 ] VACAT INFRA M || ON SUPRA MUTILA .1 ]JU-RA[ .2 ] VACAT INFRA MU
HT81,RI-SU-MA,yes,no,HT81.html,+RU {*550} • H [ .2 ]RI-SU-MA L4 .2 KI[ INFRA MUT
HT83,KU-NI,yes,yes,HT83.html,1 [ .2 ]TU-[•] 3 .3 ]KU-NI[ .3 ] ZU 3 INFRA MU ||  [ .2 ]TU-[•] 3 .3 ]KU-NI[ .3 ] ZU 3 INFRA MUT
HT83,TU-PA-RI,yes,no,HT83.html,A • .1 DA-PA 3 [ .2 ]TU-PA-RI 1 [ .2 ]TU-[•] 3 .3
HT84,F-JA-DU,no,yes,HT84.html,MBER FRACTION .1 QI F-JA-DU [ .2 ]NU-TI • VIR[ .3
HT84,NU-TI,yes,no,HT84.html, .1 QI F-JA-DU [ .2 ]NU-TI • VIR[ .3 ] VEST. [
HT85,DA-RE,no,yes,HT85.html," U-*325-ZA [TWICE], DA-RE [TWICE]); HT 122 (DA-"
HT85,KU-RO,no,yes,HT85.html,E 3 A.5 DA-RE 4 A.6 KU-RO[ ] 66 B.1 KI-KI-RA-J
HT85,TE-TU,no,yes,HT85.html,"KA 1 B.2 PA 1 B.2-3 TE-TU[ ] 1 B.3 KA 1 B.3 DI || ATED WITH QE-KA AND TE-TU[ ], ACCORDING TO THE"
HT85,U-*325-ZA,no,yes,HT85.html,"LY HT 10 (DA-RI-DA, U-*325-ZA [TWICE], DA-RE [TWICE"
HT87,A-RA,no,yes,HT87.html, 1 .4 KU-RU-KU 1 .5 A-RA-[•]-A-TU 1 PROBABLY A
HT9,WA-JA-PI,no,yes,HT9.html, J E B.1 PA 3 • B.1 WA-JA-PI-[ ] _________________
HT93,KI-RO,no,yes,HT93.html, 4 B.1 ] 1 65 H B.1 KI-RO[ B.2 ] VACAT B.3-9 V
HT93,NI-NA,no,yes,HT93.html,A.7 *343 2 A.8 PA 3-NI-NA[ A.8 ] PA-SE-JA 20 A
HT93,O-TI,no,yes,HT93.html, DE-JU-KU 1 J A.6-7 O-TI-[•] 3 A.7 DA-RI-DA *4
HT93,PA-SE-JA,yes,no,HT93.html,A.8 PA 3-NI-NA[ A.8 ] PA-SE-JA 20 A.9 VIR 10 F[ A.
HT93,PI-SE-JA,yes,no,HT93.html,OR: O-TI-RO A.8 OR: ] PI-SE-JA A.9: IF VIR 10F IS 
HT94,F-TU,no,yes,HT94.html,]-DE-ME-TE 1 B.5 QI F-TU-[•] 1 B.6 VACAT A.3: 
HT95,DI-DI-KO-RA-ME,no,yes,HT95.html,"2002, 106) A.1: CF. DI-DI-KO-RA-ME[-]-TA2 (ZA 11A.1). C"
HT96,KU-MA-RO,yes,no,HT96.html,_______________ A.5 ]KU-MA-RO • • TE FIC 20 A.6 ]
HT97,KA-RU,no,yes,HT97.html,"CTUAL PAYMENT""; CF. KA-RU[ ON HT 75.1, AND A-K"
HTWa1074,WINGS-TAIL,no,yes,HTWa1074.html, NO. 105: DISPLAYED WINGS-TAIL [ZAKROS MASTER]) COMM
HTWa1074-1078,WINGS-TAIL,no,yes,HTWa1074-1078.html, NO. 105: DISPLAYED WINGS-TAIL [ZAKROS MASTER]) COMM
HTWa1075,WINGS-TAIL,no,yes,HTWa1075.html, NO. 105: DISPLAYED WINGS-TAIL [ZAKROS MASTER]) COMM
HTWa1076,WINGS-TAIL,no,yes,HTWa1076.html, NO. 105: DISPLAYED WINGS-TAIL [ZAKROS MASTER]) COMM
HTWa1077,WINGS-TAIL,no,yes,HTWa1077.html, NO. 105: DISPLAYED WINGS-TAIL [ZAKROS MASTER]) COMM
HTWa1078,WINGS-TAIL,no,yes,HTWa1078.html, NO. 105: DISPLAYED WINGS-TAIL [ZAKROS MASTER]) COMM
HTWa1079,WINGS-TAIL,no,yes,HTWa1079.html, NO. 105: DISPLAYED WINGS-TAIL [ZAKROS MASTER]) COMM
HTWa1079-1085,WINGS-TAIL,no,yes,HTWa1079-1085.html, NO. 105: DISPLAYED WINGS-TAIL [ZAKROS MASTER]) COMM
HTWa1080,WINGS-TAIL,no,yes,HTWa1080.html, NO. 105: DISPLAYED WINGS-TAIL [ZAKROS MASTER]) COMM
HTWa1081,WINGS-TAIL,no,yes,HTWa1081.html, NO. 105: DISPLAYED WINGS-TAIL [ZAKROS MASTER]) COMM
HTWa1082,WINGS-TAIL,no,yes,HTWa1082.html, NO. 105: DISPLAYED WINGS-TAIL [ZAKROS MASTER]) COMM
HTWa1083,WINGS-TAIL,no,yes,HTWa1083.html, NO. 105: DISPLAYED WINGS-TAIL [ZAKROS MASTER]) COMM
HTWa1084,WINGS-TAIL,no,yes,HTWa1084.html, NO. 105: DISPLAYED WINGS-TAIL [ZAKROS MASTER]) COMM
HTWa1085,WINGS-TAIL,no,yes,HTWa1085.html, NO. 105: DISPLAYED WINGS-TAIL [ZAKROS MASTER]) COMM
HTZb159,A-NA-NU-SI-JA-SE,no,yes,HTZb159.html,"66), PITHOS (VILLA) A-NA-NU-SI-JA-SE[ COMMENTARY © JOHN Y"
HTZb161,SI-PU,yes,yes,HTZb161.html, (VILLA MAGAZINE 5) ]SI-PU [ COMMENTARY © JOHN || (VILLA MAGAZINE 5) ]SI-PU [ COMMENTARY © JOHN Y
HTZd155,TA-JA,no,yes,HTZd155.html,2 E *319 3 E F *319 TA-JA [= 5 ] K [ A-JU • NA-
HTZd157+156,WI-JA-SU-MA-TI-TI-*319,no,yes,HTZd157+156.html, 134-135+132-133) • WI-JA-SU-MA-TI-TI-*319 [ ] NE 1 NE 1 J *319 
IOZa10,A-SA-SA-RA-ME,yes,no,IOZa10.html,M III-LM I CONTEXT) ]A-SA-SA-RA-ME ON ANALOGY WITH PO 
IOZa11,DA-DA,no,yes,IOZa11.html,PER LINE): ]-NA-[•]-DA-DA-[• • •][ ] .B (LOWER 
IOZa11,U-TI-NU,yes,no,IOZa11.html," LINE, RETROGRADE): ] U-TI-NU • I-NA-I-DA-•[ BOTH"
IOZa12,I-TI,no,yes,IOZa12.html,A-SA-.B:-SA-RA-ME • I-TI-[ THE TWO SIDES BREAK
IOZa13,MA-I,no,yes,IOZa13.html,OD.-OL. 1985). ][•]-MA-I-[ COMMENTARY © JOHN Y
IOZa14,I-DI,no,yes,IOZa14.html, 1987). SI-]RU-TE • I-DI-[ COMMENTARY © JOHN Y
IOZa14,RU-TE,yes,no,IOZa14.html,743; KAR. 1987). SI-]RU-TE • I-DI-[ COMMENTARY
IOZa15,I-PI-NA-MA,yes,no,IOZa15.html,M 4744; KAR. 1987). ]I-PI-NA-MA • SI-RU-[TE COMMENT
IOZa15,SI-RU,no,yes,IOZa15.html,987). ]I-PI-NA-MA • SI-RU-[TE COMMENTARY © JOHN
IOZa16,U-NA-RU-KA,no,yes,IOZa16.html,A-SA-SA-RA-.B:-ME • U-NA-RU-KA[-NA-SI .A-.B: ] AROM ||  • JA-SA-SA-RA-ME • U-NA-RU-KA[-NA-SI KAMILARI COMM
IOZa2,I-PI-NA-MA,yes,no,IOZa2.html, • U-NA-KA-NA-]SI [•] I-PI-NA-MA • .2: SI-RU-TE • TA
IOZa2,JA-SA-SA-RA,no,yes,IOZa2.html,-JA • JA-DI-KI-TU • JA-SA-SA-RA[-ME • U-NA-KA-NA-]SI
IOZa4,*301-WA,yes,yes,IOZa4.html,"N TABLE, SERPENTINE ]*301-WA [ A-TA-I-]*301-WA [ || E ]*301-WA [ A-TA-I-]*301-WA [-JA. COMMENTARY ©  ||  TABLE, SERPENTINE ]*301-WA [ A-TA-I-]*301-WA [-J"
IOZa5,I-JA-PA,no,yes,IOZa5.html,TE ]I-JA-RE-DI-JA • I-JA-PA[ COMMENTARY © JOHN Y
IOZa5,I-JA-RE-DI-JA,yes,no,IOZa5.html,"FRAGEMNT, CHRLORITE ]I-JA-RE-DI-JA • I-JA-PA[ COMMENTA"
IOZa7,JA-TI-*321,no,yes,IOZa7.html,A-TA-I-*301-WA-JA • JA-TI-*321 [ • OVER [[ ]]. COMME
IOZa8,A-NA-TI-*301-WA-JA,yes,yes,IOZa8.html,M III-LM I CONTEXT) ] A-NA-TI-*301-WA-JA [ COMMENTARY © JOHN || III-LM I CONTEXT) ] A-NA-TI-*301-WA-JA [ COMMENTARY © JOHN Y
IOZa9,JA-SA-SA,no,yes,IOZa9.html,R. .A (RETROGRADE): JA-SA-SA[-RA-ME .B: • U-NA-KA
IOZa9,U-NA-KA,no,yes,IOZa9.html,-SA-SA[-RA-ME .B: • U-NA-KA[-NA-SI COMMENTARY © 
IOZb10,A-SA-SA-RA-ME,yes,no,IOZb10.html,M III-LM I CONTEXT) ]A-SA-SA-RA-ME ON ANALOGY WITH PO 
KE1,KA-SA,no,yes,KE1.html, NUMBER FRACTION .1 KA-SA [ .2 ] VEST. [ INFRA 
KEZb4,A-NA-NU-SI-JA-SE,no,yes,KEZb4.html,"3 TIMES: HT ZB 159 (A-NA-NU-SI-JA-SE[), HT 28A.1 & B.1-2 "
KH11,A-DU,no,yes,KH11.html, NUMBER FRACTION .1 A-DU-[•]-ZA *303 K .2 SU 3
KH13,A-SE-RE-ZA,yes,yes,KH13.html,MUTILA .1 ] 2 J[ .2 ]A-SE-RE-ZA[ .3 ] E L2 .3 *304[ || UTILA .1 ] 2 J[ .2 ]A-SE-RE-ZA[ .3 ] E L2 .3 *304[ 
KH13,DA-I,yes,yes,KH13.html, B[ .4 ] VEST. [ .4 ]DA-I[ .5 ] 3 INFRA MUTIL || B[ .4 ] VEST. [ .4 ]DA-I[ .5 ] 3 INFRA MUTILA
KH16,U-TA-I-SI,yes,no,KH16.html, 2 .1 *303 K L2[ .2 ]U-TA-I-SI *303+D {*624} [ .3 
KH18,I-KU-PI,no,yes,KH18.html,][ {*649} .2 ] 5 .2 I-KU-PI[ .3 ] VINC 1 .3 KU 2
KH20,DU-RE-ZA,yes,no,KH20.html, VACAT [ ] VACAT .4 ] DU-RE-ZA • *303+E {*626} J .
KH20,SE-RE-ZA,yes,no,KH20.html,C E .5-7 VACANT .4: ]SE-RE-ZA NOT IMPOSSIBLE. COM
KH21,*306-QE-DU,no,yes,KH21.html, .2 ]D .2 FIC 2[ .3 *306-QE-DU [ .3: AFTER #306 THER
KH22,RE-ZA,yes,no,KH22.html, [ INFRA MUTILA .1: ] RE-ZA POSSIBLE. COMMENTAR
KH23,A-DU,no,yes,KH23.html, NUMBER FRACTION .1 A-DU[ .2 ]*303+[ ][ INFRA
KH29,KU-PA,no,yes,KH29.html, • TA 2 [ .2 ] 1 .2 KU-PA [ .3 ] 2 .3 *303 J [ 
KH39,A-TA,no,yes,KH39.html, NUMBER FRACTION .1 A-TA-[ .2 ] OLE+TA {*615}[
KH4,A-DU-RE,no,yes,KH4.html, NUMBER FRACTION .1 A-DU-RE[ .2 ]*306 4 .2 *303 
KH40,SI-NA,yes,yes,KH40.html,ACTION SUPRA MUTILA ] SI-NA-[ INFRA MUTILA COMM || TION SUPRA MUTILA ] SI-NA-[ INFRA MUTILA COMMEN
KH41,KA-TA-RE,yes,yes,KH41.html, FRACTION .1 ] 3 .2 ] KA-TA-RE[ INFRA MUTILA COMME || RACTION .1 ] 3 .2 ] KA-TA-RE[ INFRA MUTILA COMMEN
KH47,QA-NE,yes,yes,KH47.html,ION SUPRA MUTILA .1 ] QA-NE [ .2 ] 6 .2 SI[ .3  || N SUPRA MUTILA .1 ] QA-NE [ .2 ] 6 .2 SI[ .3 ]R
KH51,SI-I-SI,yes,no,KH51.html, NUMBER FRACTION .1 ] SI-I-SI 3 .2 ] 4 .2 TU[ INF
KH52,TA-U,yes,yes,KH52.html,ILA .1 ] VEST. [ .2 ]TA-U-[ INFRA MUTILA COMM || LA .1 ] VEST. [ .2 ]TA-U-[ INFRA MUTILA COMMEN
KH53,A-ME-*123,yes,no,KH53.html, NUMBER FRACTION .1 ] A-ME-*123 • .1 NE[ INFRA MUTI
KH58,A-*301,no,yes,KH58.html,.5 ] *303 +[ ] J .5 A-*301[ COMMENTARY © JOHN Y
KH6,DI-SI,no,yes,KH6.html,]*303+D {*624} J .1 DI-SI-[ .2 ]-TE-NU-RE[ .3 ]
KH6,KI-SA-NE,yes,no,KH6.html,[ .2 ]-TE-NU-RE[ .3 ]KI-SA-NE *303 + D {*624} J .
KH6,PI-SA,no,yes,KH6.html,303+D {*624} J .6-7 PI-SA[ ]*303+D {*624} J .7
KH6,TE-NU-RE,no,yes,KH6.html,} J .1 DI-SI-[ .2 ]-TE-NU-RE[ .3 ]KI-SA-NE *303 +
KH60,KI-TA-NA-SI,no,yes,KH60.html,"A-RA?), AND RESTORE KI-TA-NA-SI[-JA-SE (AS ON PE ZB "
KH60,RA-KI-TA-NA-SI,yes,yes,KH60.html,"UMBER ""FRACTION"" .1 ]RA-KI-TA-NA-SI[ .2 ]*131C W .2 TA  || MBER ""FRACTION"" .1 ]RA-KI-TA-NA-SI[ .2 ]*131C W .2 TA 2"
KH7,I-JA-PA,no,yes,KH7.html,"IGIOUS HEADING; CF. I-JA-PA[ (IO ZA 2), I-NA-JA-"
KH7,PA-NA-TU,yes,no,KH7.html,3+D {*624} J[ B.2-3 ] PA-NA-TU *303+D {*624} J B.3
KH73,A-SU,no,yes,KH73.html,-[ INFRA MUTILA .3: A-SU[ OR A-TA[ EQUALLY PO
KH73,A-TA,no,yes,KH73.html,MUTILA .3: A-SU[ OR A-TA[ EQUALLY POSSIBLE. C
KH74,JA-DA-SU,no,yes,KH74.html, FRACTION .1 ]-SI • JA-DA-SU[ .2 ] SI-*301-MI {*6
KH74,NA-SI,yes,no,KH74.html,MUTILA .1 POSSIBLY: ] NA-SI . SINCE *605 APPEAR
KH74,SI-*301-MI,yes,no,KH74.html,]-SI • JA-DA-SU[ .2 ] SI-*301-MI {*605} INFRA MUTILA
KH79+89,A-RA,no,yes,KH79+89.html,]MI-NA[ .2 ]PA-TA • A-RA-[ .3 ]-PA-DA-NI .4 VA
KH79+89,MI-NA,yes,yes,KH79+89.html,"E.LINE STATEMENT .1 ]MI-NA[ .2 ]PA-TA • A-RA-[ || FIRST WORD CONTAINS ]MI-NA[, A COMBINATION FRE || .LINE STATEMENT .1 ]MI-NA[ .2 ]PA-TA • A-RA-[ "
KH79+89,PA-TA,yes,no,KH79+89.html,EMENT .1 ]MI-NA[ .2 ]PA-TA • A-RA-[ .3 ]-PA-DA
KH83,A-DI-NE,no,yes,KH83.html, FRACTION .1 ] • .1 A-DI-NE[ .2 ]* 401 VAS+ A {*
KH86,PI-NU,no,yes,KH86.html, ]*303+[ ] A B B .2 PI-NU-[ .3 ] 3 [ .3 *303+[ 
KH86,RE-ZA,yes,no,KH86.html, NUMBER FRACTION .1 ] RE-ZA *303[ .2 ]*303+[ ] 
KH9,I-SI,yes,no,KH9.html,2 FIC E B .2 MI[ .3 ]I-SI • *303+D {*624} J[ 
KH90,MA-TA-RI-TA,yes,yes,KH90.html,TILA .1 ][•]-JA[ .2 ] MA-TA-RI-TA [ .3 ] VEST. [ INFR || LA .1 ][•]-JA[ .2 ] MA-TA-RI-TA [ .3 ] VEST. [ INFRA 
KH92,NA-KI,yes,no,KH92.html,.1 KU-NI-TE 10 [ .2 ]NA-KI 1 VEST. [ INFRA MUT
KH97,A-JA,no,yes,KH97.html,ER FRACTION .A1 ]RE A-JA [ .A2 ] NA [ INFRA MU
KH97,SE-I,no,yes,KH97.html, INFRA MUTILA .B1 ]-SE-I[ .B2 ] VESTIGIA [ IN
KH99,A-SI-*118,yes,no,KH99.html,N .1 ]PA-RI-DE • .2 ]A-SI-*118 .3 ]KU-KA-[ .2: CF.
KH99,KU-KA,yes,yes,KH99.html, • .2 ]A-SI-*118 .3 ]KU-KA-[ .2: CF. DA-SI-*11 || • .2 ]A-SI-*118 .3 ]KU-KA-[ .2: CF. DA-SI-*118 
KH99,PA-RI-DE,yes,no,KH99.html, NUMBER FRACTION .1 ]PA-RI-DE • .2 ]A-SI-*118 .3 
KN1,A-DU,no,yes,KN1.html,Y 3A.7). B.1-2: CF. A-DU-[••] (TY 3A.3) & A-DA
KN2,RU-NA,yes,no,KN2.html, NUMBER FRACTION .1 ]RU-NA 2 .2 *118 3 .2 I +*
KN22,A-DI-PA,yes,no,KN22.html,LAT. SUP. TO A) OR: ]A-DI-PA 3 (CF. PK ZB 25) CO
KN22,KA-JE,yes,yes,KN22.html,-JU-TA [ ] 20 [ A.2 ] KA-JE-[ B ] PO-DI-PA 3 1  || U-TA [ ] 20 [ A.2 ] KA-JE-[ B ] PO-DI-PA 3 1 10
KN22,KA-JE-KO,yes,yes,KN22.html,M THAT ON A A.2 OR: ]KA-JE-KO[ B (= LAT. SUP. TO  ||  THAT ON A A.2 OR: ]KA-JE-KO[ B (= LAT. SUP. TO A
KN22,MA-SU-MI,yes,no,KN22.html,PO-DI-PA 3 1 10 C.1 ] MA-SU-MI • [•]-NA[ C.2 ] VES
KN22,PO-DI-PA,yes,no,KN22.html,0 [ A.2 ] KA-JE-[ B ] PO-DI-PA 3 1 10 C.1 ] MA-SU-
KN22,SU-JU-TA,yes,yes,KN22.html,TATEMENT NUMBER A.1 ]SU-JU-TA [ ] 20 [ A.2 ] KA-J || ATEMENT NUMBER A.1 ]SU-JU-TA [ ] 20 [ A.2 ] KA-JE-
KN32,A-KA-TA,no,yes,KN32.html,LA A.1 ] A-PA-[ A.2 A-KA-TA[ INFRA MUTILA SUPRA 
KN32,A-PA,yes,yes,KN32.html,.1 SUPRA MUTILA A.1 ] A-PA-[ A.2 A-KA-TA[ INFR || INFRA MUTILA A.1 OR ] A-PA-* 118 [ COMMENTARY  ||  SUPRA MUTILA A.1 ] A-PA-[ A.2 A-KA-TA[ INFRA 
KN54,PU-RA,yes,yes,KN54.html, NUMBER FRACTION .1 ] PU-RA-[ .2 ] VINC K [ INF || UMBER FRACTION .1 ] PU-RA-[ .2 ] VINC K [ INFRA
KNWb33,NU-SE,no,yes,KNWb33.html,IIIB) A: QA-KI [ B: NU-SE-[ G: SEAL IMPRESSION:
KNWb33,QA-KI,no,yes,KNWb33.html, HOUSE; MM IIIB) A: QA-KI [ B: NU-SE-[ G: SEAL 
KNWc3,KA-I-KA,yes,yes,KNWc3.html,"PRESSIONS, CMS II 8 ]KA-I-KA [ 2 IMPRESSIONS: NO || RESSIONS, CMS II 8 ]KA-I-KA [ 2 IMPRESSIONS: NO. "
KNWc30,JA-RA,yes,no,KNWc30.html,"PRESSIONS, CMS II 8 ]JA-RA 2 IMPRESSONS (DISC)"
KNZa10,DA-WA,no,yes,KNZa10.html,A-SA-RA-MA-.B:-NA • DA-WA-[•]-DU-WA-TO • I-JA[  || JA-SA-SA-RA-MA-NA • DA-WA-[•]-DU-WA-TO • I-JA[;
KNZa10,I-JA,no,yes,KNZa10.html,A-WA-[•]-DU-WA-TO • I-JA[ .A-.B: ]-TA-NU-MU-T || A-WA-[•]-DU-WA-TO • I-JA[; THE LAST WORD MAY  ||  WORD MAY HAVE BEEN I-JA[-PA-QE (CF. I-NA-JA-
KNZa18,JA-WA,no,yes,KNZa18.html,]-JA • [• • •]-JA • JA-WA-[ ] [•][ COMMENTARY ©
KNZa19,*118-MI-NA,yes,no,KNZa19.html,__ .2 (RETROGRADE): ]*118-MI-NA PALAIMA 1988: 313-1
KNZa19,KE-JU-MI,no,yes,KNZa19.html,OF THE PALACE .1: ]-KE-JU-MI[ ][•][ _____________
KNZb20,NA-A-PA,yes,no,KNZb20.html,"ILL, LM IA CONTEXT) ] NA-A-PA 3 COMMENTARY © JOHN"
KNZc6,JU-KU-NA-PA-KU-NU-U,no,yes,KNZc6.html,-PA-KU • NI-JA-NU • JU-KU-NA-PA-KU-NU-U [-•]-I-ZU • GORILA DR
KNZc7,SIGN-GROUP,yes,no,KNZc7.html,"A-A-NA-NE • WI-PI-[•] SIGN-GROUP 3, GORILA READS ZU "
KNZc7,WI-PI,no,yes,KNZc7.html," JA-SA-RA-A-NA-NE • WI-PI-[•] SIGN-GROUP 3, GOR"
KNZf31,SI-ZA-NE-*310,yes,no,KNZf31.html,CE 1972 PL. 2. ]SI[ ] SI-ZA-NE-*310 • DA-DU-MI-NE • QA-
MA10,DU-PI-TE-WA,yes,no,MA10.html,VAS+F {*659} 4[ B.1 ] DU-PI-TE-WA • *405VAS+Ω {*655; 
MA2,DU-RA,yes,no,MA2.html,TATEMENT NUMBER A.1 ]DU-RA 5 A.2 VACAT B.1 ]-R
MA2,JA-MA-U-TI,yes,no,MA2.html,C.1 ]-U-NA-NA 3 C.1 ]JA-MA-U-TI 6 STARTING WITH SID
MAZb8,JA-DA,no,yes,MAZb8.html, IA CONTEXT) JA-SA[ JA-DA [ IS NOT EXCLUDED . C
MAZb8,JA-SA,no,yes,MAZb8.html, III-LM IA CONTEXT) JA-SA[ JA-DA [ IS NOT EXCL
MI2,DU-KA,yes,yes,MI2.html,________________ .2 ] DU-KA[ .3 ][••] *401VAS+  || ______________ .2 ] DU-KA[ .3 ][••] *401VAS+ R
MI2,KU-KA,yes,yes,MI2.html,ILITIES .2: RAISON: ] KU-KA[ NOT IMPOSSIBLE (BI || ITIES .2: RAISON: ] KU-KA[ NOT IMPOSSIBLE (BIR
NEZa1,I-DA,yes,yes,NEZa1.html, ZA 1 (GODART 1989) ]I-DA [ PALAIKASTRO COMME || ZA 1 (GODART 1989) ]I-DA [ PALAIKASTRO COMMENT
PE1,E-KA,no,yes,PE1.html,PA {*574} 26 J .3-4 E-KA[ VIR 72 .4-5 GRA+PA 
PE2,RU-PI,no,yes,PE2.html,] VEST. [ .2 3 B .2 RU-PI[ ]-*305-MI 1 F .3 A-
PEZb,A-NU,yes,yes,PEZb.html,PE ZB (HM) (SHERD) ]A-NU[ COMMENTARY © JOHN  || PE ZB (HM) (SHERD) ]A-NU[ COMMENTARY © JOHN Y
PEZc4,A-JA,yes,yes,PEZc4.html,M E (LM IB CONTEXT) ] A-JA[ OR ]JA-SI [ ? COMM || E (LM IB CONTEXT) ] A-JA[ OR ]JA-SI [ ? COMME
PEZc4,JA-SI,yes,yes,PEZc4.html,CONTEXT) ] A-JA[ OR ]JA-SI [ ? COMMENTARY © JO || ONTEXT) ] A-JA[ OR ]JA-SI [ ? COMMENTARY © JOHN
PEZg6,I-NA,no,yes,PEZg6.html,"M CULT ACTIVITIES."" I-NA-[•]-TE ____________ T"
PH(?)31,PA-TA-DA,no,yes,PH(?)31.html,U SUS+SI+RE 1 A.3-4 PA-TA-DA[ ] 1 A.4 KU-RO CAPM+
PH1,DI-RA-DI-NA,yes,no,PH1.html,NUMBER FRACTION A.1 ]DI-RA-DI-NA *316 [•] L2 [ A.2 ]
PH14,A-MI,no,yes,PH14.html,", READ RETROGRADE]) A-MI-[ A (REVERSE? [READ R"
PH14,JA-*304,yes,no,PH14.html,D + COMMODITY FIC]) ]JA-*304 FIC A: JA OVER [[-J
PH15,MA-TE-RE,yes,no,PH15.html,ACTION A (OBVERSE?) ]MA-TE-RE *339 11 [ B (REVERS
PH16,*358-NI,yes,yes,PH16.html,_______________ A.2 ]*358-NI[ B.1 ]-JA-SA[ _____ || ______________ A.2 ]*358-NI[ B.1 ]-JA-SA[ ______
PH16,JA-SA,no,yes,PH16.html,A.2 ]*358-NI[ B.1 ]-JA-SA[ ___________________
PH16,TI-NA,yes,yes,PH16.html,NUMBER FRACTION A.1 ] TI-NA-[ _________________ || MBER FRACTION A.1 ] TI-NA-[ ___________________
PH18,WI-JA,yes,yes,PH18.html,NUMBER FRACTION A.1 ]WI-JA[ INFRA MUTILA B.1.  || UMBER FRACTION A.1 ]WI-JA[ INFRA MUTILA B.1. ]
PH19,PI-O,no,yes,PH19.html,NUMBER FRACTION A.1 PI-O [ INFRA MUTILA .1 OR:
PH19,PI-TU,no,yes,PH19.html,INFRA MUTILA .1 OR: PI-TU [ ? COMMENTARY © JOHN
PH28,A-PA,yes,no,PH28.html,ON SUPRA MUTILA A.1 ] A-PA 3-[ ] • A.2 JA-KI-P
PH28,A-RI-JA,no,yes,PH28.html,A-KI-PA 3 [ ] • A.3 A-RI-JA[ SUPRA MUTILA B.1 ] 
PH30,MA-RE,yes,no,PH30.html,MA-RE-RI-MI-DE [ 2: ]MA-RE E MI-DE [ ? COMMENT
PH30,MA-RE-RI-MI-DE,yes,yes,PH30.html,TILA .1 ]-TI E [ .2 ]MA-RE-RI-MI-DE [ 2: ]MA-RE E MI-DE || ILA .1 ]-TI E [ .2 ]MA-RE-RI-MI-DE [ 2: ]MA-RE E MI-DE [
PH30,MI-DE,no,yes,PH30.html,MI-DE [ 2: ]MA-RE E MI-DE [ ? COMMENTARY © JOHN
PH7,DA-RA,yes,no,PH7.html, B.1 ] TA 1 L [ B.2 ]DA-RA L [ B.3 ] VINC L E 
PH7,DI-PA-JA,yes,yes,PH7.html,ON SUPRA MUTILA A.1 ]DI-PA-JA[ A.2 ]U-DI-RI-KI[ A || N SUPRA MUTILA A.1 ]DI-PA-JA[ A.2 ]U-DI-RI-KI[ A.
PH7,JA-RU-MA-NE,yes,yes,PH7.html,.2 ]U-DI-RI-KI[ A.3 ]JA-RU-MA-NE[ A.4 ]JA-SI-DA-RA [ || KI 1[. A.3 PERHAPS: ]JA-RU-MA-NE 1[. COMMENTARY © JO || 2 ]U-DI-RI-KI[ A.3 ]JA-RU-MA-NE[ A.4 ]JA-SI-DA-RA [ 
PH7,JA-SI-DA-RA,yes,yes,PH7.html,3 ]JA-RU-MA-NE[ A.4 ]JA-SI-DA-RA [ B.1 ] TA 1 L [ B. ||  ]JA-RU-MA-NE[ A.4 ]JA-SI-DA-RA [ B.1 ] TA 1 L [ B.2 
PH7,U-DI-RI-KI,yes,yes,PH7.html, A.1 ]DI-PA-JA[ A.2 ]U-DI-RI-KI[ A.3 ]JA-RU-MA-NE[  || MUTILA A.2 PERHAPS: ]U-DI-RI-KI 1[. A.3 PERHAPS: ]J || A.1 ]DI-PA-JA[ A.2 ]U-DI-RI-KI[ A.3 ]JA-RU-MA-NE[ A
PKZa10,SI-RU,no,yes,PKZa10.html,-PI-NA-MI-NA • SI-[ SI-RU [ POSSIBLE. COMMENTAR
PKZa11,A-DI-KI-TE-TE,no,yes,PKZa11.html, A-TA-I-*301-WA-E • A-DI-KI-TE-TE-[• B: •]-RE • PI-TE-R
PKZa11,I-PI-NA-MI-NA,no,yes,PKZa11.html,NA-RU-KA-NA-TI • D: I-PI-NA-MI-NA [ ] SI-RU-[•] • I-NA-
PKZa11,SI-RU,yes,yes,PKZa11.html, D: I-PI-NA-MI-NA [ ] SI-RU-[•] • I-NA-JA-PA-QA || : I-PI-NA-MI-NA [ ] SI-RU-[•] • I-NA-JA-PA-QA A
PKZa12,A-DI-KI-TE,no,yes,PKZa12.html,A-TA-I-*301-WA-JA • A-DI-KI-TE-[ A2:-QA B: 2? 3? ]SI
PKZa12,A-NE,yes,no,PKZa12.html,[ POSSIBLE. C: ]A-[ ] A-NE • U-NA-RU-KA-NA-JA-
PKZa12,A-PA-DU-PA,no,yes,PKZa12.html,KA[ 1? ]JA-SI • D1: A-PA-DU-PA-[ 3? ]JA[ 2? ]JA-D2:-
PKZa12,JA-D2,yes,no,PKZa12.html,-DU-PA-[ 3? ]JA[ 2? ]JA-D2:-PA-B: ]SI-RU [ POS
PKZa12,JA-PA-QA,yes,no,PKZa12.html,1-D2-A2: LAST WORD: ]JA-PA-QA IS READ JA AT END O
PKZa12,JA-SI,yes,no,PKZa12.html,NE • U-NA-RU-KA[ 1? ]JA-SI • D1: A-PA-DU-PA-[ 
PKZa12,RA-ME,yes,yes,PKZa12.html,: 2? 3? ]SI-[ 4? 5? ]RA-ME[ C: ]A-[ 2? ]-NE •  ||  2? 3? ]SI-[ 4? 5? ]RA-ME[ C: ]A-[ 2? ]-NE • U
PKZa12,SI-RU,yes,yes,PKZa12.html,A[ 2? ]JA-D2:-PA-B: ]SI-RU [ POSSIBLE. C: ]A-[ || [ 2? ]JA-D2:-PA-B: ]SI-RU [ POSSIBLE. C: ]A-[ ]
PKZa12,U-NA-RU-KA,no,yes,PKZa12.html,[ C: ]A-[ 2? ]-NE • U-NA-RU-KA[ 1? ]JA-SI • D1: A-P
PKZa14,JA-SA-SA,no,yes,PKZa14.html,) A: ]-TU-ME-B:-I • JA-SA-SA-[ A-B: ]TU-ME-I COMME
PKZa14,TU-ME-I,yes,no,PKZa14.html,I • JA-SA-SA-[ A-B: ]TU-ME-I COMMENTARY © JOHN Y
PKZa16,RE-JA,no,yes,PKZa16.html, ]-TO-SA • PU 2-.B:-RE-JA [ ] VEST. [ THE TWO L || HER: ]-TO-SA • PU 2-RE-JA [; CF. ]PU 2-RE-JA ON
PKZa17,I-DA,yes,no,PKZa17.html,PENTINE (PETSOPHAS) ]I-DA • [•][ COMMENTARY ©
PKZa18,JA-JA,no,yes,PKZa18.html, 20). ]-TE • I-DA • JA-JA-[ COMMENTARY © JOHN Y
PKZa20,U-NA-KA,yes,yes,PKZa20.html,"KY ZA 2, PK ZA 18). ] U-NA-KA-[ COMMENTARY © JOHN ||  ZA 2, PK ZA 18). ] U-NA-KA-[ COMMENTARY © JOHN Y"
PKZa4,A-SA-SA-RA,no,yes,PKZa4.html, (HOUSE EPSILON 33) A-SA-SA-RA[ COMMENTARY © JOHN Y
PKZa8,I-PI,no,yes,PKZa8.html,U-NA-KA-NA-SI[ ] C: I-PI-[ [GORILA IV 24-27] A
PKZa8,JA-SA,no,yes,PKZa8.html,U 2-RE • TU-ME-I B: JA-SA-[ ] U-NA-KA-NA-SI[ ] 
PKZa8,U-NA-KA-NA-SI,yes,yes,PKZa8.html, TU-ME-I B: JA-SA-[ ] U-NA-KA-NA-SI[ ] C: I-PI-[ [GORIL || U-ME-I B: JA-SA-[ ] U-NA-KA-NA-SI[ ] C: I-PI-[ [GORILA
PKZa9,JA-U-PA-MA-I-DA,yes,yes,PKZa9.html,) .1: ] VEST. [ .2: ] JA-U-PA-MA-I-DA-[•]-DI[ .2 PERHAPS: || [•]-DI[ .2 PERHAPS: ] JA-U-PA-MA-I-DA-* 301-DI[. COMMENTA || .1: ] VEST. [ .2: ] JA-U-PA-MA-I-DA-[•]-DI[ .2 PERHAPS: ]
PKZb?,A-DI-PA,yes,no,PKZb?.html,2B(=LAT.SUP. TO A): ] A-DI-PA 3 ; ARKH 1A.5: A-PA
PKZb?,A-PA,yes,yes,PKZb?.html,3-DI[ CF. PH 28A.1: ]A-PA 3 [; KN 22B(=LAT.SU || I-PA 3 ; ARKH 1A.5: A-PA-[ PK ZB ? (HOOD 1964)
PKZb19,SE-SI-TA,no,yes,PKZb19.html," BSA 82, 1987, 153) SE-SI-TA [ THE LAST SIGN COULD"
PKZc13,NU-RI-JA,no,yes,PKZc13.html,A STYLISTIC DATE) ]-NU-RI-JA[ COMMENTARY © JOHN Y
Problem:SUS+SI[(b.4)andSUS+SI+RE(a.3),A-MI,no,yes,Problem:SUS+SI[(b.4)andSUS+SI+RE(a.3).html,A 10A.3; CF. PH 14B A-MI-[ FOLLOWING THE ABOVE
Problem:SUS+SI[(b.4)andSUS+SI+RE(a.3),KU-PA3,no,yes,Problem:SUS+SI[(b.4)andSUS+SI+RE(a.3).html, HT 122A.6 & 7; CF. KU-PA3-[: HT 101.4; KU-PA3-N
Problem:SUS+SI[(b.4)andSUS+SI+RE(a.3),PA-TA-DA,no,yes,Problem:SUS+SI[(b.4)andSUS+SI+RE(a.3).html,.1-2 & HT 119.3 A.4 PA-TA-DA[-DU-PU2-RE PA-TA-DA- || NU SI+AU+RE 1 A.3-4 PA-TA-DA [ OVISM ] 1 A.4 KU-RO
PRZa1,TA-NA-SU-TE,no,yes,PRZa1.html,B-LM IA CONTEXT) A: TA-NA-SU-TE [ ]-KE B: SE-TO-I-JA 
PSIZa1,*188-A-I,no,yes,PSIZa1.html," WHICH 2 ARE LIKELY:*188-A-I [, *188-WA-I . *188-D"
PSIZa1,*188-DU-SE,no,yes,PSIZa1.html,RTH (LM IB CONTEXT) *188-DU-SE [ FLOYD SUGGESTS SEVE
PSIZa1,SE-PU-*188,yes,no,PSIZa1.html,", THISWORD COULD BE ] SE-PU-*188; CF. SU-PU 2-*188 ("
PYRZb5,TE-JA,yes,yes,PYRZb5.html,ROGLYPHIC: 025-056) ] TE-JA[ THOUGH THE SHERD I || GLYPHIC: 025-056) ] TE-JA[ THOUGH THE SHERD IS
SKOZc1,A-NA-TI-*301-WA-JA,yes,yes,SKOZc1.html," 8 (LIBATION TABLE, ]A-NA-TI-*301-WA-JA[), AND (EVEN BETTER || 8 (LIBATION TABLE, ]A-NA-TI-*301-WA-JA[), AND (EVEN BETTER)"
SKOZc1,NA-TU-NA-TE,no,yes,SKOZc1.html,"TONE JAR, ]-KU-PA 3-NA-TU-NA-TE-[) WHERE THE KU-PA 3 "
SKZb1,A-MA-RA-NE,no,yes,SKZb1.html,PITHOS RIM FRAGMENT A-MA-RA-NE[ SITIA COMMENTARY © 
SYZa1,A-TA-I-*301-WA-JA,yes,no,SYZa1.html,"15, D. CA. 14.5 CM) ] A-TA-I-*301-WA-JA • I-DA-MI • JA-•-[ "
SYZa11,RO-QA,no,yes,SYZa11.html,ST BELOW THE RIM. • RO-QA [ COMMENTARY © JOHN Y
SYZa3,SE-KA-NA-SI,no,yes,SYZa3.html,----CA. 8----]•-•-• SE-KA-NA-SI [•] TE [----CA. 10---
SYZa3,SI-RU-TE,yes,no,SYZa3.html,] TE [----CA. 10----]SI-RU-TE SE AND THE FOLLOWIN
SYZa8,I-*301-WA-JA,yes,no,SYZa8.html, THE INTERIOR. A-TA-]I-*301-WA-JA • JA-JA[-•-]•-•[ CO
SYZa8,JA-JA,no,yes,SYZa8.html,-TA-]I-*301-WA-JA • JA-JA[-•-]•-•[ COMMENTARY 
THEtablet5,TE-ME-DA-I,no,yes,THEtablet5.html,BER FRACTION A.1 ]• TE-ME-DA-I[ SHOULD THIS BE I-DA
THEZb1,SI-NI,yes,yes,THEZb1.html,DE PRIOR TO FIRING) ] SI-NI-[ SI-NI-KU [ POSSIB ||  PRIOR TO FIRING) ] SI-NI-[ SI-NI-KU [ POSSIBLE
THEZb1,SI-NI-KU,no,yes,THEZb1.html,O FIRING) ] SI-NI-[ SI-NI-KU [ POSSIBLE. COMMENTAR
THEZb3,A-NE,no,yes,THEZb3.html,DE PRIOR TO FIRING) A-NE[[ ]] COMMENTARY © JO
THEZb4,A-RE,yes,yes,THEZb4.html, MADE AFTER FIRING) ] A-RE [ A-SA [ POSSIBLE.  || ADE AFTER FIRING) ] A-RE [ A-SA [ POSSIBLE. CO
THEZb4,A-SA,no,yes,THEZb4.html,ER FIRING) ] A-RE [ A-SA [ POSSIBLE. COMMENTAR
TLZa1,SI-RU,no,yes,TLZa1.html,-[SI C: I-PI]-NA-MA SI-RU-[TE OWENS 1994: 26 CO
TLZa1,U-NA-KA-NA,no,yes,TLZa1.html,B: JA-SA-SA-RA-ME • U-NA-KA-NA-[SI C: I-PI]-NA-MA SI
TRAZb1,RE-JA,yes,yes,TRAZb1.html,"ILA IV: 107), SHERD ]RE-JA-[ ]RE-JA-MA [ POSSI || LA IV: 107), SHERD ]RE-JA-[ ]RE-JA-MA [ POSSIBL"
TRAZb1,RE-JA-MA,yes,yes,TRAZb1.html,"07), SHERD ]RE-JA-[ ]RE-JA-MA [ POSSIBLE. TROULLO || 7), SHERD ]RE-JA-[ ]RE-JA-MA [ POSSIBLE. TROULLOS "
TRYZb1,MI-NE,yes,yes,TRYZb1.html,CORNER ] NE-MI [ OR ] MI-NE [ TYLISSOS COMMENTA || RNER ] NE-MI [ OR ] MI-NE [ TYLISSOS COMMENTARY
TRYZb1,NE-MI,yes,yes,TRYZb1.html,"293), LARNAX CORNER ] NE-MI [ OR ] MI-NE [ TYLI || 3), LARNAX CORNER ] NE-MI [ OR ] MI-NE [ TYLISS"
TY2,RI-JU,no,yes,TY2.html,JU-KI 100 .3 *309A+ RI-JU [ .3 *309A+[ ] [ ] 6 
TY3,A-DU,no,yes,TY3.html,"_______________ A.3 A-DU-[••] OLE+KI {*618} 51 || [ B.5-8 DESUNT A.3: A-DU-[•]-KA ,A-DU-[•]-QE , || T A.3: A-DU-[•]-KA ,A-DU-[•]-QE , OR A-DU-[•]-"
TY3,A-KU-TU-*361,no,yes,TY3.html,_______________ A.7 A-KU-TU-*361[ A.7 ]KI+[ ] 5 A.7 O
TY3,KO-A-DU-WA,yes,no,TY3.html,+ MI {*622} 2 [ A.6 ]KO-A-DU-WA OLE+[ ] 7 D _______
TY3,ZA-*321,yes,no,TY3.html,"MBER ""FRACTION"" A.1 ] ZA-*321 OLE+KI {*618} 15 E "
TypesofSupports,I-KU-PA,yes,no,TypesofSupports.html,NA-MA [ • • • • • • ] I-KU-PA 3-NA-TU-NA-TE [ .2: || .1: GORILA PERHAPS: ] I-KU-PA 3-NA-TU-NA-TE[. CF.
TypesofSupports,I-NA-JA-RE-TA,no,yes,TypesofSupports.html, .2: ]PI-MI-NA-TE • I-NA-JA-RE-TA [ • • • ]-QA • .1: GO || 2. I-]PI-MI-NA-TE • I-NA-JA-RE-TA [ ]QA • COMMENTARY © 
TypesofSupports,I-PI-NA-MA,no,yes,TypesofSupports.html,LM I]) .1: ]NA-SI • I-PI-NA-MA [ • • • • • • ] I-KU-
TypesofSupports,NA-SI,yes,no,TypesofSupports.html, [MM III-LM I]) .1: ]NA-SI • I-PI-NA-MA [ • •  || SA-SA-RA U-NA-RU-KA-]NA-SI • : 2. I-]PI-MI-NA-
TypesofSupports,NA-TU-NA-TE,no,yes,TypesofSupports.html,• • • • ] I-KU-PA 3-NA-TU-NA-TE [ .2: ]PI-MI-NA-TE •  || ERHAPS: ] I-KU-PA 3-NA-TU-NA-TE[. CF. KU-PA3-NA-TU ( || PLACENAME]• KU-PA 3-NA-TU-NA-TE[ JA-SA-SA-RA U-NA-RU
TypesofSupports,PI-MI,yes,no,TypesofSupports.html,1-2; HT 119.3). .2: ]PI-MI OVER [[ ]]. JGY: IF
TypesofSupports,PI-MI-NA-TE,yes,no,TypesofSupports.html,3-NA-TU-NA-TE [ .2: ]PI-MI-NA-TE • I-NA-JA-RE-TA [ • || -KA-]NA-SI • : 2. I-]PI-MI-NA-TE • I-NA-JA-RE-TA [ ]
TYZb4,KI-TA-A,no,yes,TYZb4.html,MAGAZINE 9) A-* 301-KI-TA-A [[ ]] BETWEEN A AND *
TYZg1,MA-RU-A,yes,no,TYZg1.html,"DING, LM I CONTEXT) ] MA-RU-A VRYSINAS COMMENTARY"
VRYZa1,I-PI-NA-MA,yes,no,VRYZa1.html,"., UPSIDE DOWN). A: ] I-PI-NA-MA B: SI-RU-TE • [ ZAK"
ZA1,E-MI,no,yes,ZA1.html,NT INFRA MUTILA B.1 E-MI [ B.1-2 ] RO GRA 4 7 
ZA11,DI-DI-KO-RA-ME,no,yes,ZA11.html,NUMBER FRACTION A.1 DI-DI-KO-RA-ME[-]TA 2 • I+[?] {*516
ZA11,E-KU-RU,yes,no,ZA11.html,A-SI VINA J [ A.3-4 ]E-KU-RU 2 E A.4 JU L L2 A.4
ZA11,I-DE,yes,yes,ZA11.html,.2A I OLIV 1 [ B.2B ]I-DE[ B.3 ]RA 2 B.3 KU-P || 2A I OLIV 1 [ B.2B ]I-DE[ B.3 ]RA 2 B.3 KU-PA
ZA11,PI-*310-A,no,yes,ZA11.html,+ PA {*574} 1 [ A.5 PI-*310-A[ A.6 ]OLIV 2 INFRA M
ZA13,KU-SU-PA,yes,yes,ZA13.html, .3-5 VACANT .1 OR: ] KU-SU-PA[ COMMENTARY © JOHN  || 3-5 VACANT .1 OR: ] KU-SU-PA[ COMMENTARY © JOHN Y
ZA13,SU-PA,no,yes,ZA13.html,N SUPRA MUTILA .1 ]-SU-PA-[ .2 ] VEST. [ .3-5 V
ZA14,JA-WI,no,yes,ZA14.html, [ .4 PA-NU-QE 2 .4 JA-WI[ .5 ] VEST. [ .6 VAC
ZA18,DA-RE-KU,no,yes,ZA18.html,"MBER ""FRACTION"" A.1 DA-RE-KU[ ] VEST. • A.1 KU-*3"
ZA19,RA-TE,yes,yes,ZA19.html,ACTION SUPRA MUTILA ]RA-TE-[ INFRA MUTILA COMM || CTION SUPRA MUTILA ]RA-TE-[ INFRA MUTILA COMMEN
ZA20,DU-RE-ZA-SE,yes,yes,ZA20.html,N SUPRA MUTILA .1-2 ]DU-RE-ZA-SE-[ ]MI[ .2 ]• 4 .2 S ||  SUPRA MUTILA .1-2 ]DU-RE-ZA-SE-[ ]MI[ .2 ]• 4 .2 SI-
ZA20,DU-RE-ZA-SE-MI,yes,yes,ZA20.html, INFRA MUTILA .1-2: ]DU-RE-ZA-SE-MI [ NOT IMPOSSIBLE. . || INFRA MUTILA .1-2: ]DU-RE-ZA-SE-MI [ NOT IMPOSSIBLE. .3:
ZA21,*118-MI,yes,yes,ZA21.html,T B.7 [[ ME ]] A.7: ]*118-MI [-NA? SEE NOTES TO  || (AND HT 88.2). A.7: ]*118-MI [-NA? SEE NOTES TO  ||  B.7 [[ ME ]] A.7: ]*118-MI [-NA? SEE NOTES TO KN
ZA21,I-DA,no,yes,ZA21.html, ]* 118-MI[ ] 2 B.1 I-DA[ B.2 ]KI[ B.3 ] 2 B.
ZA21,PI-MU,yes,no,ZA21.html,ACTION A.1 ]ME[ A.2 ]PI-MU 40 [ A.3 ] VEST. [ 
ZA21,SA-RI,no,yes,ZA21.html,.2 ]KI[ B.3 ] 2 B.3 SA-RI [ B.4 ] VEST. [ B.5 ]
ZA21,TA-KE,no,yes,ZA21.html,]MA[ A.4 ] TE 2 A.4 TA-KE [ A.5 ] VEST. [ A.6 ]
ZA21,TA-MA-PI,no,yes,ZA21.html,[ A.6 ]PA+[?] 5 A.6 TA-MA-PI [ A.7 ] 3 A.7 A [ A.7
ZA22,DU-JU,no,yes,ZA22.html,RA-[•] OVISF 1 [ .4 DU-JU [ 7 [ .5 OVISF 100 [ 
ZA23,MI-RE,yes,yes,ZA23.html,____ .1 ]TE-TE-[ .2 ]MI-RE[ .3 VACAT COMMENTAR || ___ .1 ]TE-TE-[ .2 ]MI-RE[ .3 VACAT COMMENTARY
ZA23,TE-TE,yes,yes,ZA23.html,________________ .1 ]TE-TE-[ .2 ]MI-RE[ .3 VAC || _______________ .1 ]TE-TE-[ .2 ]MI-RE[ .3 VACAT
ZA26,DI-DI,no,yes,ZA26.html,RACTION A.1 SI-TE • DI-DI-[ A.2 ]OVISF 13 A.2 J
ZA26,JA-KI,no,yes,ZA26.html,[ A.2 ]OVISF 13 A.2 JA-KI[ A.3 ] KI [ INFRA MU
ZA27,DI-KI,yes,no,ZA27.html,ILA .1 ] VEST. [ .2 ]DI-KI 2 .2 O-MI[ .2: KU-M
ZA27,KU-MI,no,yes,ZA27.html,I-KI 2 .2 O-MI[ .2: KU-MI[ NOT COMPLETELY IMPO
ZA27,O-MI,no,yes,ZA27.html,T. [ .2 ]DI-KI 2 .2 O-MI[ .2: KU-MI[ NOT COMP
ZA4,JA-TO-JA,no,yes,ZA4.html,-[•]-SE [ ] 5 A.2-3 JA-TO-JA[ ] 3 [ A.3 A-TI-RU 4
ZA4,PI-RU-SE,yes,yes,ZA4.html,[ B.2-7 VACANT A.2: ] PI-RU-SE [ POSSIBLE. A.8: KA || B.2-7 VACANT A.2: ] PI-RU-SE [ POSSIBLE. A.8: KA P
ZA5,SA-MI-DA-E,no,yes,ZA5.html,O-TA-NI-ZA-SE 6 A.3 SA-MI-DA-E[ A.4 ] VEST. [ A.5-6
ZA6,*34-JU-TE-MI,no,yes,ZA6.html,WA-NA *171 19 A.1-2 *34-JU-TE-MI[ A.2 ] 1 80 A.3 I-SE
ZA6,I-MA,yes,yes,ZA6.html,___ B.4 PA-ZA-[ B.5 ]I-MA[ B.6-8 VACANT SCHOE || __ B.4 PA-ZA-[ B.5 ]I-MA[ B.6-8 VACANT SCHOEP
ZA6,I-SE,no,yes,ZA6.html,-MI[ A.2 ] 1 80 A.3 I-SE [ A.3-4 ]OLIV 15 A.4  || 4 [ A.9 ] 20 A.9-10 I-SE-[• B.1 I-KU-JU-TI-IB 
ZA6,PA-ZA,no,yes,ZA6.html,_______________ B.4 PA-ZA-[ B.5 ]I-MA[ B.6-8 VA
ZA7,A-MA,no,yes,ZA7.html,. [ A.8. VACANT B.1 A-MA[ B.2-7 DESUNT B.8 ] 
ZA7,A-RE-TU-MI,no,yes,ZA7.html,1-2 A-RA-TU 4 A.2-3 A-RE-TU-MI[ A.4-6 DESUNT A.7. ]
ZA9,A-TA-NA,no,yes,ZA9.html,S +SI {*512} 4 .4-5 A-TA-NA-[•] OVIS+SI {*512} 2 
ZA9,MA-RA,yes,no,ZA9.html,OVISF 1 .2 PERHAPS: ] MA-RA. 4-5 POSSIBLY: A-TA
ZA9,RO-SI-RA,yes,yes,ZA9.html,5 .2 ] VEST. [ .3-4 ] RO-SI-RA[ ] OVIS +SI {*512}  || .2 ] VEST. [ .3-4 ] RO-SI-RA[ ] OVIS +SI {*512} 4
ZAWc2,A-DU-KO,no,yes,ZAWc2.html," NO. .A1-2: A-TI-KA A-DU-KO-[[MI]] 2 II 7, NO. 25"
ZAZb34,RU-DI,no,yes,ZAZb34.html,"U 2-RE-JA • KO-MU • RU-DI[ ZA ZG 34 (BSA 7, 19"
ZAZg35,ME-MI-JA-RU,yes,no,ZAZg35.html,CONTEXT (ANTE QUEM) ] ME-MI-JA-RU • SE-WA-AU-DE KOPAK
