side,sign,base,variant,status,base_total_attestations,base_secure_attestations,variant_total_attestations,variant_secure_attestations,secure_sites,secure_scribes
prefix,*118,MI-NA,*118-MI-NA,excluded_insecure_both,1,0,1,0,0,0
prefix,*312,TE-TE,*312-TE-TE,excluded_insecure_base,1,0,1,1,1,1
prefix,*86,SI-NI,*86-SI-NI,excluded_insecure_base,1,0,1,1,1,1
prefix,A,DA-RA,A-DA-RA,excluded_insecure_base,1,0,1,1,1,0
prefix,A,KA-RU,A-KA-RU,excluded_insecure_base,2,0,3,3,1,1
prefix,A,KI-RO,A-KI-RO,accepted_secure,16,8,1,1,2,4
prefix,A,MI-TA,A-MI-TA,excluded_insecure_base,1,0,1,1,1,1
prefix,A,PA-RA-NE,A-PA-RA-NE,accepted_secure,2,2,2,2,1,1
prefix,A,RA-NA-RE,A-RA-NA-RE,excluded_insecure_base,1,0,1,1,1,1
prefix,A,RI-JA,A-RI-JA,excluded_insecure_both,1,0,1,0,0,0
prefix,A,SA-RA2,A-SA-RA2,accepted_secure,20,20,1,1,1,9
prefix,A,SA-SA-RA-ME,A-SA-SA-RA-ME,excluded_insecure_variant,2,2,1,0,2,0
prefix,A,SI-KI-RA,A-SI-KI-RA,accepted_secure,1,1,1,1,2,2
prefix,A,TA-NA-TE,A-TA-NA-TE,accepted_secure,1,1,1,1,1,1
prefix,DA,NA-SI,DA-NA-SI,excluded_insecure_base,1,0,1,1,1,0
prefix,DA,TA-RA,DA-TA-RA,accepted_secure,1,1,1,1,1,1
prefix,DA,U-*49,DA-U-*49,accepted_secure,2,2,1,1,2,2
prefix,DI,KA-KI,DI-KA-KI,excluded_insecure_variant,2,2,1,0,1,0
prefix,DI,PA-JA,DI-PA-JA,excluded_insecure_variant,1,1,1,0,1,1
prefix,DU,NE-MI,DU-NE-MI,excluded_insecure_both,1,0,1,0,0,0
prefix,DU,RE-ZA,DU-RE-ZA,excluded_insecure_variant,3,2,1,0,1,2
prefix,E,NA-SI,E-NA-SI,excluded_insecure_base,1,0,1,1,1,1
prefix,I,DA-DA,I-DA-DA,excluded_insecure_base,1,0,1,1,1,0
prefix,I,DA-MA-TE,I-DA-MA-TE,accepted_secure,1,1,2,1,2,1
prefix,I,JA-PA,I-JA-PA,excluded_insecure_variant,1,1,1,0,1,1
prefix,I,KI-RA,I-KI-RA,excluded_insecure_variant,2,2,1,0,2,2
prefix,I,KU-PI,I-KU-PI,excluded_insecure_variant,1,1,1,0,1,0
prefix,I,KU-TA,I-KU-TA,excluded_insecure_base,1,0,1,1,1,0
prefix,I,QA-*118,I-QA-*118,accepted_secure,1,1,2,2,2,1
prefix,I,RU-JA,I-RU-JA,accepted_secure,1,1,1,1,2,1
prefix,I,TA-JA,I-TA-JA,accepted_secure,1,1,1,1,1,1
prefix,JA,SA-SA-RA-ME,JA-SA-SA-RA-ME,accepted_secure,2,2,7,7,6,1
prefix,KA,I-KA,KA-I-KA,excluded_insecure_variant,2,2,1,0,1,2
prefix,KA,KU-PA,KA-KU-PA,accepted_secure,4,3,3,3,2,3
prefix,KA,NU-TI,KA-NU-TI,accepted_secure,2,1,1,1,2,1
prefix,KA,RE-RO,KA-RE-RO,accepted_secure,1,1,1,1,1,1
prefix,KA,SA-RU,KA-SA-RU,accepted_secure,6,6,1,1,1,2
prefix,KE,KI-RU,KE-KI-RU,accepted_secure,1,1,1,1,2,1
prefix,KE,SI-TE,KE-SI-TE,accepted_secure,2,2,1,1,3,0
prefix,KI,MA-RU,KI-MA-RU,accepted_secure,1,1,1,1,1,1
prefix,KI,RE-TA2,KI-RE-TA2,accepted_secure,1,1,2,2,1,2
prefix,KI,RE-ZA,KI-RE-ZA,accepted_secure,3,2,1,1,2,2
prefix,KI,SA-NE,KI-SA-NE,excluded_insecure_both,1,0,1,0,0,0
prefix,KU,MA-JU,KU-MA-JU,accepted_secure,1,1,1,1,2,1
prefix,KU,PA-JA,KU-PA-JA,accepted_secure,1,1,1,1,1,1
prefix,KU,RU-MA,KU-RU-MA,excluded_insecure_base,1,0,1,1,1,1
prefix,MA,SI-DU,MA-SI-DU,excluded_insecure_base,1,0,1,1,1,0
prefix,MI,DA-RA,MI-DA-RA,excluded_insecure_base,1,0,1,1,1,0
prefix,MI,KI-SA-NE,MI-KI-SA-NE,excluded_insecure_both,1,0,1,0,0,0
prefix,MI,NU-TE,MI-NU-TE,accepted_secure,1,1,4,4,1,2
prefix,NA,A-PA3,NA-A-PA3,accepted_secure,1,1,1,1,2,0
prefix,NA,DA-RE,NA-DA-RE,accepted_secure,7,6,1,1,3,2
prefix,NE,MI-NA,NE-MI-NA,excluded_insecure_both,1,0,1,0,0,0
prefix,NU,RI-JA,NU-RI-JA,excluded_insecure_both,1,0,1,0,0,0
prefix,O,TE-JA,O-TE-JA,excluded_insecure_base,1,0,1,1,1,0
prefix,PA,I-KI,PA-I-KI,excluded_insecure_base,1,0,1,1,1,0
prefix,PA,JA-RE,PA-JA-RE,accepted_secure,1,1,4,4,3,4
prefix,PA,TA-NE,PA-TA-NE,excluded_insecure_base,1,0,3,3,1,1
prefix,PI,TA-JA,PI-TA-JA,accepted_secure,1,1,1,1,1,0
prefix,PI,TA-RA,PI-TA-RA,accepted_secure,1,1,1,1,1,2
prefix,PI,TE-RI,PI-TE-RI,accepted_secure,3,2,1,1,3,1
prefix,PU2,RE-JA,PU2-RE-JA,excluded_insecure_base,2,0,1,1,1,0
prefix,QA,KU-RE,QA-KU-RE,excluded_insecure_base,2,0,1,1,1,0
prefix,QA,QA-RU,QA-QA-RU,accepted_secure,1,1,3,3,1,3
prefix,QE,KU-RE,QE-KU-RE,excluded_insecure_base,2,0,1,1,1,1
prefix,QE,SI-TE,QE-SI-TE,accepted_secure,2,2,1,1,3,0
prefix,RA,MA-SI,RA-MA-SI,excluded_insecure_base,1,0,1,1,1,1
prefix,RE,A-JA,RE-A-JA,accepted_secure,3,2,1,1,3,0
prefix,RI,RU-MA,RI-RU-MA,excluded_insecure_base,1,0,1,1,1,1
prefix,RO,SI-RA,RO-SI-RA,excluded_insecure_both,1,0,1,0,0,0
prefix,SA,RA-ME,SA-RA-ME,excluded_insecure_base,1,0,1,1,1,0
prefix,SA,SA-RA-ME,SA-SA-RA-ME,accepted_secure,1,1,2,2,3,0
prefix,SI,*805-MI,SI-*805-MI,accepted_secure,2,2,1,1,1,1
prefix,SI,DA-RE,SI-DA-RE,accepted_secure,7,6,2,2,3,3
prefix,SI,I-SI,SI-I-SI,excluded_insecure_variant,2,1,1,0,1,0
prefix,SI,KI-RA,SI-KI-RA,accepted_secure,2,2,1,1,2,3
prefix,SI,MI-TA,SI-MI-TA,excluded_insecure_base,1,0,1,1,1,1
prefix,SI,TE-TU,SI-TE-TU,accepted_secure,3,2,1,1,2,3
prefix,TA,NA-TI,TA-NA-TI,accepted_secure,1,1,4,3,1,2
prefix,TE,JA-RE,TE-JA-RE,accepted_secure,1,1,1,1,2,2
prefix,TI,NI-TA,TI-NI-TA,excluded_insecure_base,1,0,1,1,1,1
prefix,TI,TI-MA,TI-TI-MA,accepted_secure,1,1,1,1,2,0
prefix,TU,RU-SA,TU-RU-SA,accepted_secure,1,1,1,1,2,1
prefix,TU,SU-PU2,TU-SU-PU2,accepted_secure,1,1,1,1,1,1
prefix,U,QE-TI,U-QE-TI,accepted_secure,1,1,1,1,2,1
prefix,WA,JA-PI,WA-JA-PI,excluded_insecure_variant,1,1,1,0,1,1
prefix,WA,O-MI,WA-O-MI,excluded_insecure_base,1,0,1,1,1,0
prefix,WI,DI-NA,WI-DI-NA,accepted_secure,2,1,1,1,2,1
suffix,*118,A-SI,A-SI-*118,excluded_insecure_variant,1,1,1,0,1,0
suffix,*188,SU-PU2,SU-PU2-*188,accepted_secure,1,1,1,1,1,2
suffix,*350,A-TA,A-TA-*350,excluded_insecure_base,1,0,1,1,1,1
suffix,A,I-DA,I-DA-A,accepted_secure,5,2,1,1,3,1
suffix,A,MA-RU,MA-RU-A,excluded_insecure_variant,1,1,1,0,1,1
suffix,DA,I-DA,I-DA-DA,accepted_secure,5,2,1,1,3,1
suffix,DA,PA-TA,PA-TA-DA,excluded_insecure_both,1,0,1,0,0,0
suffix,DE,A-TA,A-TA-DE,excluded_insecure_base,1,0,1,1,1,0
suffix,DE,RA-RI,RA-RI-DE,excluded_insecure_both,1,0,1,0,0,0
suffix,DI,A-PA3,A-PA3-DI,accepted_secure,1,1,1,1,2,0
suffix,DI,SA-RA,SA-RA-DI,excluded_insecure_variant,2,2,1,0,2,0
suffix,DU,MA-SI,MA-SI-DU,excluded_insecure_base,1,0,1,1,1,0
suffix,E,JA-SI,JA-SI-E,accepted_secure,2,1,1,1,2,0
suffix,I,KI-TA,KI-TA-I,accepted_secure,1,1,1,1,1,1
suffix,I,TU-ME,TU-ME-I,accepted_secure,1,1,1,1,1,0
suffix,JA,*306-TU,*306-TU-JA,accepted_secure,4,4,1,1,1,2
suffix,JA,A-MA,A-MA-JA,accepted_secure,3,2,1,1,3,1
suffix,JA,A-RI,A-RI-JA,excluded_insecure_variant,3,2,1,0,1,0
suffix,JA,A-SE,A-SE-JA,accepted_secure,4,4,1,1,2,3
suffix,JA,JA-SA,JA-SA-JA,accepted_secure,4,2,1,1,3,0
suffix,JA,KU-PA,KU-PA-JA,accepted_secure,4,3,1,1,2,1
suffix,JA,PA-SE,PA-SE-JA,accepted_secure,2,2,3,2,1,3
suffix,JA,PU2-RE,PU2-RE-JA,accepted_secure,1,1,1,1,2,0
suffix,JE,A-TA-NA,A-TA-NA-JE,excluded_insecure_base,1,0,1,1,1,0
suffix,JU,A-RA,A-RA-JU,excluded_insecure_base,3,0,1,1,1,1
suffix,JU,KU-RE,KU-RE-JU,excluded_insecure_base,2,0,2,1,1,1
suffix,KI,A-PA,A-PA-KI,excluded_insecure_base,2,0,1,1,1,0
suffix,KU,DA-RE,DA-RE-KU,excluded_insecure_variant,7,6,1,0,3,2
suffix,MA,JA-SA-SA-RA,JA-SA-SA-RA-MA,accepted_secure,1,1,1,1,2,0
suffix,ME,A-RA-TU,A-RA-TU-ME,accepted_secure,1,1,1,1,2,0
suffix,ME,A-SA-SA-RA,A-SA-SA-RA-ME,excluded_insecure_both,1,0,1,0,0,0
suffix,ME,I-JA-PA,I-JA-PA-ME,excluded_insecure_base,1,0,1,1,1,1
suffix,ME,JA-SA-SA-RA,JA-SA-SA-RA-ME,accepted_secure,1,1,7,7,5,1
suffix,ME,MA-RU,MA-RU-ME,accepted_secure,1,1,3,3,1,1
suffix,ME,SA-RA,SA-RA-ME,accepted_secure,2,2,1,1,3,0
suffix,MI,I-DA,I-DA-MI,accepted_secure,5,2,1,1,3,1
suffix,MI,JA-RE,JA-RE-MI,accepted_secure,1,1,1,1,2,2
suffix,MI,MA-I,MA-I-MI,excluded_insecure_base,1,0,1,1,1,1
suffix,MU,JA-SA,JA-SA-MU,accepted_secure,4,2,1,1,3,1
suffix,MU,KU-RA,KU-RA-MU,accepted_secure,2,2,1,1,3,3
suffix,NA,*118-MI,*118-MI-NA,excluded_insecure_both,1,0,1,0,0,0
suffix,NA,A-TA,A-TA-NA,excluded_insecure_both,1,0,1,0,0,0
suffix,NA,DA-KU,DA-KU-NA,accepted_secure,1,1,1,1,2,1
suffix,NA,NE-MI,NE-MI-NA,excluded_insecure_both,1,0,1,0,0,0
suffix,NA,PA3-NI,PA3-NI-NA,accepted_secure,2,2,3,3,1,2
suffix,NA,U-NA-KA,U-NA-KA-NA,excluded_insecure_both,1,0,1,0,0,0
suffix,NE,*21F-TU,*21F-TU-NE,accepted_secure,1,1,3,3,1,2
suffix,NE,PA-RA,PA-RA-NE,accepted_secure,2,2,2,2,2,2
suffix,NE,PA-TA,PA-TA-NE,excluded_insecure_base,1,0,3,3,1,1
suffix,NE,QE-TU,QE-TU-NE,excluded_insecure_base,1,0,1,1,1,1
suffix,NI,MI-DA,MI-DA-NI,excluded_insecure_base,1,0,1,1,1,1
suffix,NU,KU-PA3,KU-PA3-NU,accepted_secure,1,1,8,8,2,4
suffix,NU,U-TI,U-TI-NU,excluded_insecure_variant,1,1,1,0,1,0
suffix,PA,A-RI,A-RI-PA,accepted_secure,3,2,1,1,2,0
suffix,PA,I-JA,I-JA-PA,excluded_insecure_variant,2,1,1,0,1,0
suffix,PA,KA-KU,KA-KU-PA,accepted_secure,1,1,3,3,1,2
suffix,PA3,JA-KI,JA-KI-PA3,excluded_insecure_base,1,0,1,1,1,0
suffix,PA3,JA-WA,JA-WA-PA3,excluded_insecure_base,1,0,1,1,1,0
suffix,PA3,KU-PA3,KU-PA3-PA3,accepted_secure,1,1,1,1,1,2
suffix,PI,JA-WA,JA-WA-PI,excluded_insecure_base,1,0,1,1,1,0
suffix,PU2,TU-SU,TU-SU-PU2,accepted_secure,1,1,1,1,2,0
suffix,QA,JA-PA,JA-PA-QA,excluded_insecure_variant,1,1,1,0,1,1
suffix,QE,KA-PA,KA-PA-QE,accepted_secure,6,5,1,1,1,4
suffix,QE,SA-RO,SA-RO-QE,accepted_secure,4,4,1,1,1,1
suffix,RA,A-DA,A-DA-RA,accepted_secure,1,1,1,1,2,0
suffix,RA,A-RU,A-RU-RA,excluded_insecure_variant,2,2,1,0,1,0
suffix,RA,I-KI,I-KI-RA,excluded_insecure_both,1,0,1,0,0,0
suffix,RA,JA-SA-SA,JA-SA-SA-RA,excluded_insecure_base,1,0,1,1,1,0
suffix,RA,MI-DA,MI-DA-RA,excluded_insecure_base,1,0,1,1,1,0
suffix,RA,SA-RA,SA-RA-RA,accepted_secure,2,2,1,1,2,1
suffix,RE,A-DU,A-DU-RE,excluded_insecure_variant,10,7,1,0,1,5
suffix,RE,A-TA,A-TA-RE,excluded_insecure_base,1,0,1,1,1,1
suffix,RE,DU-RA,DU-RA-RE,excluded_insecure_base,1,0,1,1,1,0
suffix,RE,KI-*310,KI-*310-RE,excluded_insecure_base,1,0,1,1,1,0
suffix,RE,PA-JA,PA-JA-RE,accepted_secure,1,1,4,4,2,4
suffix,RE,TE-JA,TE-JA-RE,excluded_insecure_base,1,0,1,1,1,1
suffix,RI,KU-PA,KU-PA-RI,accepted_secure,4,3,1,1,3,1
suffix,RI,TU-PA,TU-PA-RI,excluded_insecure_base,1,0,1,1,1,0
suffix,RO,A-DA,A-DA-RO,accepted_secure,1,1,1,1,2,0
suffix,RO,DI-NA,DI-NA-RO,accepted_secure,2,1,1,1,2,1
suffix,RO,KI-DA,KI-DA-RO,excluded_insecure_base,1,0,2,1,1,1
suffix,RO,SA-MA,SA-MA-RO,accepted_secure,4,4,1,1,2,3
suffix,RU,DI-DE,DI-DE-RU,accepted_secure,1,1,3,3,1,1
suffix,RU,KA-SA,KA-SA-RU,excluded_insecure_base,1,0,1,1,1,0
suffix,SA,A-JE,A-JE-SA,accepted_secure,1,1,1,1,2,0
suffix,SA,JA-SA,JA-SA-SA,excluded_insecure_variant,4,2,1,0,2,0
suffix,SA,QA-*118,QA-*118-SA,accepted_secure,1,1,1,1,2,1
suffix,SE,*188-DU,*188-DU-SE,excluded_insecure_variant,3,3,1,0,1,2
suffix,SE,DI-KI,DI-KI-SE,excluded_insecure_base,1,0,2,2,1,1
suffix,SE,DU-RE-ZA,DU-RE-ZA-SE,excluded_insecure_base,1,0,3,2,1,1
suffix,SE,RU-MA-TA,RU-MA-TA-SE,accepted_secure,2,2,1,1,2,2
suffix,SE,TU-ME,TU-ME-SE,accepted_secure,1,1,1,1,2,1
suffix,SI,U-NA-KA-NA,U-NA-KA-NA-SI,excluded_insecure_base,1,0,4,4,3,0
suffix,SU,A-RI,A-RI-SU,accepted_secure,3,2,1,1,2,1
suffix,SU,KU-NI,KU-NI-SU,accepted_secure,1,1,5,5,1,1
suffix,TA,A-MI,A-MI-TA,accepted_secure,2,1,1,1,2,1
suffix,TA,KI-DA,KI-DA-TA,excluded_insecure_base,1,0,1,1,1,1
suffix,TA,RU-MA,RU-MA-TA,excluded_insecure_base,1,0,2,2,1,1
suffix,TA,SE-SI,SE-SI-TA,excluded_insecure_variant,1,1,1,0,1,0
suffix,TA,TI-NI,TI-NI-TA,excluded_insecure_base,1,0,1,1,1,1
suffix,TE,A-DI-KI-TE,A-DI-KI-TE-TE,excluded_insecure_both,1,0,1,0,0,0
suffix,TE,A-TA-NA,A-TA-NA-TE,excluded_insecure_base,1,0,1,1,1,1
suffix,TE,DU-RI,DU-RI-TE,accepted_secure,1,1,1,1,2,0
suffix,TE,I-JA,I-JA-TE,accepted_secure,2,1,1,1,2,0
suffix,TE,KU-NI,KU-NI-TE,accepted_secure,1,1,1,1,2,0
suffix,TE,SI-RU,SI-RU-TE,accepted_secure,2,1,7,6,5,0
suffix,TI,DA-KU-SE-NE,DA-KU-SE-NE-TI,excluded_insecure_base,2,0,1,1,1,1
suffix,TI,JA-KU,JA-KU-TI,accepted_secure,1,1,1,1,2,0
suffix,TI,QA-KI,QA-KI-TI,excluded_insecure_base,1,0,1,1,1,0
suffix,TI,RI-RU-MA,RI-RU-MA-TI,accepted_secure,1,1,1,1,2,1
suffix,TI,SA-MA,SA-MA-TI,excluded_insecure_variant,4,4,1,0,2,2
suffix,TU,A-RA,A-RA-TU,excluded_insecure_base,3,0,1,1,1,0
suffix,TU,SI-TE,SI-TE-TU,accepted_secure,2,2,1,1,2,1
suffix,U,DI-NA,DI-NA-U,accepted_secure,2,1,6,4,3,1
suffix,WA,I-NA,I-NA-WA,excluded_insecure_base,1,0,1,1,1,0
suffix,WI,JA-DI,JA-DI-WI,accepted_secure,1,1,1,1,2,0
suffix,WI,PA3-NI,PA3-NI-WI,accepted_secure,2,2,1,1,2,2
suffix,ZA,A-DU,A-DU-ZA,accepted_secure,10,7,1,1,2,5
suffix,ZU,KU-PA,KU-PA-ZU,accepted_secure,4,3,1,1,3,2
