test,prediction,result,status,interpretation
repeated_literal_right_context,"JA forms should share a right-neighbor construction absent or rare in bases","No single literal right-neighbor signature recurs across >=2 independent families as a JA-specific contrast",fail,"JA does not impose an obvious local right-context construction at this resolution"
repeated_base_to_ja_shift,"The same base->JA local construction change should recur in >=2 families","0/4 families show the same replicated literal construction shift",fail,"Registered micro-syntax promotion criterion not met"
role_preservation_KU-PA,"If JA encodes a simple participant role, base and JA should differ in transaction slot","KU-PA and KU-PA-JA both occupy recipient/designation-like administrative slots",counterexample,"Rejects simple JA=recipient and weakens simple local-case interpretation"
role_preservation_A-SE,"Independent family should reproduce any simple participant-role contrast","A-SE and A-SE-JA both occupy recipient/designation-like administrative slots",counterexample,"Independent replication of role preservation"
literal_preservation_*306-TU,"If derived sender/recipient contrast reflects JA grammar, literal neighborhood should also change","Bare *306-TU and *306-TU-JA all show LEX>NUM local pattern",counterexample,"Derived sender/recipient contrast is not mirrored by local written syntax"
same_tablet_JA_role_HT115a,"JA-ending words should share one transaction role if JA is a universal sender/recipient marker","*47-NU-RA-JA is modeled sender while A-SE-JA is modeled recipient on the same tablet",fail,"Strong same-document negative control against universal sender/recipient gloss"
same_tablet_JA_role_HT115b,"Same-document JA-ending forms should share transaction role","TI-NU-JA is modeled recipient while *306-TU-JA is modeled sender",fail,"Second same-document negative control"
PA-SE_roundel_shift,"PA-SE-JA roundels might reveal a receipt/document-conditioned JA function","PA-SE shows a tablet/roundel contrast but no second family reproduces it; damaged tablet ]PA-SE-JA also exists",unreplicated,"Useful family-specific clue only; cannot define JA"
TOTAL,"At least two independent families must reproduce the same literal micro-syntactic shift","0 replicated JA-specific shifts across 4 Tier-A/B families",negative,"Productive morphology survives; grammatical function remains unknown and is not recoverable from current local-neighbor features"
